game_id,question_id,question,query_type,linguistic_type,difficulty,concept_count,expected_operation,expected_concepts,expected_denominator,expected_entity,expected_metric,actual_operation,actual_concepts,actual_denominator,actual_entity,actual_metric,ground_truth_answer,ontology_answer,llm_answer,semantic_correct,ontology_correct,answer_correct,end_to_end_correct,error_stage,error_type,error_message
202606130SAS,ONT_027,How many times did the game enter a clutch possession?,SINGLE_CONCEPT,PARAPHRASE,1,1,COUNT,"[""ClutchSituation""]",[],,,COUNT,"[""ClutchSituation""]",[],,,23,23,23,True,True,True,True,,,
202606130SAS,ONT_028,Count the possessions played late in the game.,SINGLE_CONCEPT,PARAPHRASE,1,1,COUNT,"[""LateGameSituation""]",[],,,COUNT,"[""LateGameSituation""]",[],,,23,23,23,True,True,True,True,,,
202606130SAS,ONT_029,How many possessions took place while the game was close?,SINGLE_CONCEPT,PARAPHRASE,1,1,COUNT,"[""CloseGameSituation""]",[],,,COUNT,"[""CloseGameSituation""]",[],,,66,66,66,True,True,True,True,,,
202606130SAS,ONT_030,On how many possessions did either team put points on the board?,SINGLE_CONCEPT,IMPLICIT,1,1,COUNT,"[""ScoringPossession""]",[],,,COUNT,"[""ScoringPossession""]",[],,,82,82,82,True,True,True,True,,,
202606130SAS,ONT_031,How many possessions featured a giveaway?,SINGLE_CONCEPT,IMPLICIT,1,1,COUNT,"[""TurnoverPossession""]",[],,,COUNT,"[""TurnoverPossession""]",[],,,22,22,22,True,True,True,True,,,
202606130SAS,ONT_032,How many possessions included an offensive rebound and another opportunity?,SINGLE_CONCEPT,PARAPHRASE,1,1,COUNT,"[""SecondChancePossession""]",[],,,COUNT,"[""SecondChancePossession""]",[],,,25,25,25,True,True,True,True,,,
202606130SAS,ONT_033,How many possessions produced a successful shot from beyond the arc?,SINGLE_CONCEPT,IMPLICIT,1,1,COUNT,"[""ThreePointScoringPossession""]",[],,,COUNT,"[""ThreePointScoringPossession""]",[],,,24,24,24,True,True,True,True,,,
202606130SAS,ONT_034,How often did the offense begin a possession ahead on the scoreboard?,SINGLE_CONCEPT,AMBIGUOUS,4,1,COUNT,"[""LeadingPossession""]",[],,,COUNT,"[""LeadingPossession""]",[],,,81,81,81,True,True,True,True,,,
202606130SAS,ONT_035,How often did the offense start a possession from behind?,SINGLE_CONCEPT,AMBIGUOUS,4,1,COUNT,"[""TrailingPossession""]",[],,,COUNT,"[""TrailingPossession""]",[],,,89,89,89,True,True,True,True,,,
202606130SAS,ONT_036,How many possessions began with neither team ahead?,SINGLE_CONCEPT,IMPLICIT,1,1,COUNT,"[""TiedPossession""]",[],,,COUNT,"[""TiedPossession""]",[],,,8,8,8,True,True,True,True,,,
202606130SAS,ONT_037,How many possessions began with the teams separated by no more than one possession?,SINGLE_CONCEPT,PARAPHRASE,1,1,COUNT,"[""OnePossessionGameSituation""]",[],,,COUNT,"[""OnePossessionGameSituation""]",[],,,46,46,46,True,True,True,True,,,
202606130SAS,ONT_038,How many late-game possessions resulted in points?,COMPOSITION_2,PARAPHRASE,2,2,COUNT,"[""LateGameSituation"", ""ScoringPossession""]",[],,,COUNT,"[""LateGameSituation"", ""ScoringPossession""]",[],,,11,11,11,True,True,True,True,,,
202606130SAS,ONT_039,How many late-game possessions contained a turnover?,COMPOSITION_2,PARAPHRASE,2,2,COUNT,"[""LateGameSituation"", ""TurnoverPossession""]",[],,,COUNT,"[""LateGameSituation"", ""TurnoverPossession""]",[],,,1,1,1,True,True,True,True,,,
202606130SAS,ONT_040,How many close-game possessions produced a made three-pointer?,COMPOSITION_2,PARAPHRASE,2,2,COUNT,"[""CloseGameSituation"", ""ThreePointScoringPossession""]",[],,,COUNT,"[""CloseGameSituation"", ""ThreePointScoringPossession""]",[],,,3,3,3,True,True,True,True,,,
202606130SAS,ONT_041,How many close-game possessions were second-chance possessions?,COMPOSITION_2,PARAPHRASE,2,2,COUNT,"[""CloseGameSituation"", ""SecondChancePossession""]",[],,,COUNT,"[""CloseGameSituation"", ""SecondChancePossession""]",[],,,9,9,9,True,True,True,True,,,
202606130SAS,ONT_042,How many clutch possessions included a second chance?,COMPOSITION_2,PARAPHRASE,2,2,COUNT,"[""ClutchSituation"", ""SecondChancePossession""]",[],,,COUNT,"[""ClutchSituation"", ""SecondChancePossession""]",[],,,4,4,4,True,True,True,True,,,
202606130SAS,ONT_043,How many possessions starting from behind ended with a turnover?,COMPOSITION_2,IMPLICIT,2,2,COUNT,"[""TrailingPossession"", ""TurnoverPossession""]",[],,,COUNT,"[""TrailingPossession"", ""TurnoverPossession""]",[],,,8,8,8,True,True,True,True,,,
202606130SAS,ONT_044,How many possessions starting from behind produced a made three?,COMPOSITION_2,IMPLICIT,2,2,COUNT,"[""ThreePointScoringPossession"", ""TrailingPossession""]",[],,,COUNT,"[""ThreePointScoringPossession"", ""TrailingPossession""]",[],,,12,12,12,True,True,True,True,,,
202606130SAS,ONT_045,How many possessions starting with the offense ahead resulted in points?,COMPOSITION_2,PARAPHRASE,2,2,COUNT,"[""LeadingPossession"", ""ScoringPossession""]",[],,,COUNT,"[""LeadingPossession"", ""ScoringPossession""]",[],,,38,38,38,True,True,True,True,,,
202606130SAS,ONT_046,How many possessions starting with the offense ahead produced a made three?,COMPOSITION_2,PARAPHRASE,2,2,COUNT,"[""LeadingPossession"", ""ThreePointScoringPossession""]",[],,,COUNT,"[""LeadingPossession"", ""ThreePointScoringPossession""]",[],,,12,12,12,True,True,True,True,,,
202606130SAS,ONT_047,How many tied possessions resulted in points?,COMPOSITION_2,PARAPHRASE,2,2,COUNT,"[""ScoringPossession"", ""TiedPossession""]",[],,,COUNT,"[""ScoringPossession"", ""TiedPossession""]",[],,,3,3,3,True,True,True,True,,,
202606130SAS,ONT_048,How many tied possessions contained a turnover?,COMPOSITION_2,PARAPHRASE,2,2,COUNT,"[""TiedPossession"", ""TurnoverPossession""]",[],,,COUNT,"[""TiedPossession"", ""TurnoverPossession""]",[],,,2,2,2,True,True,True,True,,,
202606130SAS,ONT_049,How many one-possession-game possessions ended in a turnover?,COMPOSITION_2,PARAPHRASE,2,2,COUNT,"[""OnePossessionGameSituation"", ""TurnoverPossession""]",[],,,COUNT,"[""OnePossessionGameSituation"", ""TurnoverPossession""]",[],,,3,3,3,True,True,True,True,,,
202606130SAS,ONT_050,How many one-possession-game possessions produced a made three?,COMPOSITION_2,PARAPHRASE,2,2,COUNT,"[""OnePossessionGameSituation"", ""ThreePointScoringPossession""]",[],,,COUNT,"[""OnePossessionGameSituation"", ""ThreePointScoringPossession""]",[],,,3,3,3,True,True,True,True,,,
202606130SAS,ONT_051,How many one-possession-game possessions included a second chance?,COMPOSITION_2,PARAPHRASE,2,2,COUNT,"[""OnePossessionGameSituation"", ""SecondChancePossession""]",[],,,COUNT,"[""OnePossessionGameSituation"", ""SecondChancePossession""]",[],,,6,6,6,True,True,True,True,,,
202606130SAS,ONT_052,How many late-game possessions began with the offense trailing?,COMPOSITION_2,PARAPHRASE,2,2,COUNT,"[""LateGameSituation"", ""TrailingPossession""]",[],,,COUNT,"[""LateGameSituation"", ""TrailingPossession""]",[],,,12,12,12,True,True,True,True,,,
202606130SAS,ONT_053,How many late-game possessions began with the offense leading?,COMPOSITION_2,PARAPHRASE,2,2,COUNT,"[""LateGameSituation"", ""LeadingPossession""]",[],,,COUNT,"[""LateGameSituation"", ""LeadingPossession""]",[],,,9,9,9,True,True,True,True,,,
202606130SAS,ONT_054,How many late-game possessions began with the score tied?,COMPOSITION_2,PARAPHRASE,2,2,COUNT,"[""LateGameSituation"", ""TiedPossession""]",[],,,COUNT,"[""LateGameSituation"", ""TiedPossession""]",[],,,2,2,2,True,True,True,True,,,
202606130SAS,ONT_055,How many close-game possessions began with the offense trailing?,COMPOSITION_2,PARAPHRASE,2,2,COUNT,"[""CloseGameSituation"", ""TrailingPossession""]",[],,,COUNT,"[""CloseGameSituation"", ""TrailingPossession""]",[],,,31,31,31,True,True,True,True,,,
202606130SAS,ONT_056,How many close-game possessions began with the offense leading?,COMPOSITION_2,PARAPHRASE,2,2,COUNT,"[""CloseGameSituation"", ""LeadingPossession""]",[],,,COUNT,"[""CloseGameSituation"", ""LeadingPossession""]",[],,,27,27,27,True,True,True,True,,,
202606130SAS,ONT_057,How often did a team score during clutch possessions?,COMPOSITION_2,AMBIGUOUS,4,2,COUNT,"[""ClutchSituation"", ""ScoringPossession""]",[],,,RATIO,"[""ClutchSituation"", ""ScoringPossession""]","[""ClutchSituation""]",,,11,11,0.4782608695652174,False,True,False,False,SEMANTIC,OPERATION_ERROR,
202606130SAS,ONT_058,How many times was the ball turned over in the clutch?,COMPOSITION_2,PARAPHRASE,2,2,COUNT,"[""ClutchSituation"", ""TurnoverPossession""]",[],,,COUNT,"[""ClutchSituation"", ""TurnoverPossession""]",[],,,1,1,1,True,True,True,True,,,
202606130SAS,ONT_059,How many possessions produced points when the offense began behind?,COMPOSITION_2,PARAPHRASE,2,2,COUNT,"[""ScoringPossession"", ""TrailingPossession""]",[],,,COUNT,"[""ScoringPossession"", ""TrailingPossession""]",[],,,41,41,41,True,True,True,True,,,
202606130SAS,ONT_060,How often did the offense give the ball away after starting the possession ahead?,COMPOSITION_2,AMBIGUOUS,4,2,COUNT,"[""LeadingPossession"", ""TurnoverPossession""]",[],,,RATIO,"[""LeadingPossession"", ""TurnoverPossession""]","[""LeadingPossession""]",,,12,12,0.14814814814814814,False,True,False,False,SEMANTIC,OPERATION_ERROR,
202606130SAS,ONT_061,How often did teams score when the margin was within one possession?,COMPOSITION_2,AMBIGUOUS,4,2,COUNT,"[""OnePossessionGameSituation"", ""ScoringPossession""]",[],,,RATIO,"[""OnePossessionGameSituation"", ""ScoringPossession""]","[""OnePossessionGameSituation""]",,,20,20,0.43478260869565216,False,True,False,False,SEMANTIC,OPERATION_ERROR,
202606130SAS,ONT_062,How many threes were made on possessions that began with neither side ahead?,COMPOSITION_2,IMPLICIT,2,2,COUNT,"[""ThreePointScoringPossession"", ""TiedPossession""]",[],,,COUNT,"[""ThreePointScoringPossession"", ""TiedPossession""]",[],,,0,0,0,True,True,True,True,,,
202606130SAS,ONT_063,How many scoring possessions happened with the game still tight?,COMPOSITION_2,IMPLICIT,2,2,COUNT,"[""CloseGameSituation"", ""ScoringPossession""]",[],,,COUNT,"[""CloseGameSituation"", ""ScoringPossession""]",[],,,27,27,27,True,True,True,True,,,
202606130SAS,ONT_064,How many giveaways happened while the game was still close?,COMPOSITION_2,IMPLICIT,2,2,COUNT,"[""CloseGameSituation"", ""TurnoverPossession""]",[],,,COUNT,"[""CloseGameSituation"", ""TurnoverPossession""]",[],,,9,9,9,True,True,True,True,,,
202606130SAS,ONT_065,How many possessions produced a three late in the game?,COMPOSITION_2,PARAPHRASE,2,2,COUNT,"[""LateGameSituation"", ""ThreePointScoringPossession""]",[],,,COUNT,"[""LateGameSituation"", ""ThreePointScoringPossession""]",[],,,0,0,0,True,True,True,True,,,
202606130SAS,ONT_066,How many second opportunities occurred late in the game?,COMPOSITION_2,IMPLICIT,2,2,COUNT,"[""LateGameSituation"", ""SecondChancePossession""]",[],,,COUNT,"[""LateGameSituation"", ""SecondChancePossession""]",[],,,4,4,4,True,True,True,True,,,
202606130SAS,ONT_067,How many late-game possessions while trailing resulted in points?,COMPOSITION_3_PLUS,PARAPHRASE,3,3,COUNT,"[""LateGameSituation"", ""ScoringPossession"", ""TrailingPossession""]",[],,,COUNT,"[""LateGameSituation"", ""ScoringPossession"", ""TrailingPossession""]",[],,,5,5,5,True,True,True,True,,,
202606130SAS,ONT_068,How many late-game possessions while leading resulted in points?,COMPOSITION_3_PLUS,PARAPHRASE,3,3,COUNT,"[""LateGameSituation"", ""LeadingPossession"", ""ScoringPossession""]",[],,,COUNT,"[""LateGameSituation"", ""LeadingPossession"", ""ScoringPossession""]",[],,,4,4,4,True,True,True,True,,,
202606130SAS,ONT_069,How many late-game possessions while trailing ended in a turnover?,COMPOSITION_3_PLUS,PARAPHRASE,3,3,COUNT,"[""LateGameSituation"", ""TrailingPossession"", ""TurnoverPossession""]",[],,,COUNT,"[""LateGameSituation"", ""TrailingPossession"", ""TurnoverPossession""]",[],,,0,0,0,True,True,True,True,,,
202606130SAS,ONT_070,How many late-game possessions while leading ended in a turnover?,COMPOSITION_3_PLUS,PARAPHRASE,3,3,COUNT,"[""LateGameSituation"", ""LeadingPossession"", ""TurnoverPossession""]",[],,,COUNT,"[""LateGameSituation"", ""LeadingPossession"", ""TurnoverPossession""]",[],,,1,1,1,True,True,True,True,,,
202606130SAS,ONT_071,How many close-game possessions while trailing resulted in points?,COMPOSITION_3_PLUS,PARAPHRASE,3,3,COUNT,"[""CloseGameSituation"", ""ScoringPossession"", ""TrailingPossession""]",[],,,COUNT,"[""CloseGameSituation"", ""ScoringPossession"", ""TrailingPossession""]",[],,,12,12,12,True,True,True,True,,,
202606130SAS,ONT_072,How many close-game possessions while leading resulted in points?,COMPOSITION_3_PLUS,PARAPHRASE,3,3,COUNT,"[""CloseGameSituation"", ""LeadingPossession"", ""ScoringPossession""]",[],,,COUNT,"[""CloseGameSituation"", ""LeadingPossession"", ""ScoringPossession""]",[],,,12,12,12,True,True,True,True,,,
202606130SAS,ONT_073,How many close-game possessions while trailing contained a turnover?,COMPOSITION_3_PLUS,PARAPHRASE,3,3,COUNT,"[""CloseGameSituation"", ""TrailingPossession"", ""TurnoverPossession""]",[],,,COUNT,"[""CloseGameSituation"", ""TrailingPossession"", ""TurnoverPossession""]",[],,,3,3,3,True,True,True,True,,,
202606130SAS,ONT_074,How many one-possession-game possessions while trailing resulted in points?,COMPOSITION_3_PLUS,PARAPHRASE,3,3,COUNT,"[""OnePossessionGameSituation"", ""ScoringPossession"", ""TrailingPossession""]",[],,,COUNT,"[""OnePossessionGameSituation"", ""ScoringPossession"", ""TrailingPossession""]",[],,,8,8,8,True,True,True,True,,,
202606130SAS,ONT_075,How many one-possession-game possessions while leading resulted in points?,COMPOSITION_3_PLUS,PARAPHRASE,3,3,COUNT,"[""LeadingPossession"", ""OnePossessionGameSituation"", ""ScoringPossession""]",[],,,COUNT,"[""LeadingPossession"", ""OnePossessionGameSituation"", ""ScoringPossession""]",[],,,9,9,9,True,True,True,True,,,
202606130SAS,ONT_076,How many one-possession-game possessions while trailing ended in a turnover?,COMPOSITION_3_PLUS,PARAPHRASE,3,3,COUNT,"[""OnePossessionGameSituation"", ""TrailingPossession"", ""TurnoverPossession""]",[],,,COUNT,"[""OnePossessionGameSituation"", ""TrailingPossession"", ""TurnoverPossession""]",[],,,0,0,0,True,True,True,True,,,
202606130SAS,ONT_077,How many clutch possessions while trailing resulted in points?,COMPOSITION_3_PLUS,PARAPHRASE,3,3,COUNT,"[""ClutchSituation"", ""ScoringPossession"", ""TrailingPossession""]",[],,,COUNT,"[""ClutchSituation"", ""ScoringPossession"", ""TrailingPossession""]",[],,,5,5,5,True,True,True,True,,,
202606130SAS,ONT_078,How many clutch possessions while leading resulted in points?,COMPOSITION_3_PLUS,PARAPHRASE,3,3,COUNT,"[""ClutchSituation"", ""LeadingPossession"", ""ScoringPossession""]",[],,,COUNT,"[""ClutchSituation"", ""LeadingPossession"", ""ScoringPossession""]",[],,,4,4,4,True,True,True,True,,,
202606130SAS,ONT_079,How many clutch possessions while trailing produced a made three?,COMPOSITION_3_PLUS,PARAPHRASE,3,3,COUNT,"[""ClutchSituation"", ""ThreePointScoringPossession"", ""TrailingPossession""]",[],,,COUNT,"[""ClutchSituation"", ""ThreePointScoringPossession"", ""TrailingPossession""]",[],,,0,0,0,True,True,True,True,,,
202606130SAS,ONT_080,How many close-game second-chance possessions resulted in points?,COMPOSITION_3_PLUS,PARAPHRASE,3,3,COUNT,"[""CloseGameSituation"", ""ScoringPossession"", ""SecondChancePossession""]",[],,,COUNT,"[""CloseGameSituation"", ""ScoringPossession"", ""SecondChancePossession""]",[],,,4,4,4,True,True,True,True,,,
202606130SAS,ONT_081,What proportion of late-game possessions resulted in points?,RATIO,PARAPHRASE,3,2,RATIO,"[""LateGameSituation"", ""ScoringPossession""]","[""LateGameSituation""]",,,RATIO,"[""LateGameSituation"", ""ScoringPossession""]","[""LateGameSituation""]",,,0.4782608695652174,0.4782608695652174,0.4782608695652174,True,True,True,True,,,
202606130SAS,ONT_082,What proportion of close-game possessions resulted in points?,RATIO,PARAPHRASE,3,2,RATIO,"[""CloseGameSituation"", ""ScoringPossession""]","[""CloseGameSituation""]",,,RATIO,"[""CloseGameSituation"", ""ScoringPossession""]","[""CloseGameSituation""]",,,0.4090909090909091,0.4090909090909091,0.4090909090909091,True,True,True,True,,,
202606130SAS,ONT_083,What fraction of clutch possessions ended in a turnover?,RATIO,PARAPHRASE,3,2,RATIO,"[""ClutchSituation"", ""TurnoverPossession""]","[""ClutchSituation""]",,,RATIO,"[""ClutchSituation"", ""TurnoverPossession""]","[""ClutchSituation""]",,,0.043478260869565216,0.043478260869565216,0.043478260869565216,True,True,True,True,,,
202606130SAS,ONT_084,What share of clutch possessions produced a made three?,RATIO,PARAPHRASE,3,2,RATIO,"[""ClutchSituation"", ""ThreePointScoringPossession""]","[""ClutchSituation""]",,,RATIO,"[""ClutchSituation"", ""ThreePointScoringPossession""]","[""ClutchSituation""]",,,0.0,0.0,0.0,True,True,True,True,,,
202606130SAS,ONT_085,What percentage of possessions starting from behind resulted in points?,RATIO,IMPLICIT,3,2,RATIO,"[""ScoringPossession"", ""TrailingPossession""]","[""TrailingPossession""]",,,RATIO,"[""ScoringPossession"", ""TrailingPossession""]","[""TrailingPossession""]",,,0.4606741573033708,0.4606741573033708,0.4606741573033708,True,True,True,True,,,
202606130SAS,ONT_086,What proportion of possessions starting with the offense ahead resulted in points?,RATIO,PARAPHRASE,3,2,RATIO,"[""LeadingPossession"", ""ScoringPossession""]","[""LeadingPossession""]",,,RATIO,"[""LeadingPossession"", ""ScoringPossession""]","[""LeadingPossession""]",,,0.4691358024691358,0.4691358024691358,0.4691358024691358,True,True,True,True,,,
202606130SAS,ONT_087,"Among possessions that began tied, what proportion resulted in points?",RATIO,PARAPHRASE,3,2,RATIO,"[""ScoringPossession"", ""TiedPossession""]","[""TiedPossession""]",,,RATIO,"[""ScoringPossession"", ""TiedPossession""]","[""TiedPossession""]",,,0.375,0.375,0.375,True,True,True,True,,,
202606130SAS,ONT_088,"Of possessions beginning with the offense ahead, what fraction ended in a turnover?",RATIO,PARAPHRASE,3,2,RATIO,"[""LeadingPossession"", ""TurnoverPossession""]","[""LeadingPossession""]",,,RATIO,"[""LeadingPossession"", ""TurnoverPossession""]","[""LeadingPossession""]",,,0.14814814814814814,0.14814814814814814,0.14814814814814814,True,True,True,True,,,
202606130SAS,ONT_089,"Among possessions starting from behind, what share produced a made three?",RATIO,IMPLICIT,3,2,RATIO,"[""ThreePointScoringPossession"", ""TrailingPossession""]","[""TrailingPossession""]",,,RATIO,"[""ThreePointScoringPossession"", ""TrailingPossession""]","[""TrailingPossession""]",,,0.1348314606741573,0.1348314606741573,0.1348314606741573,True,True,True,True,,,
202606130SAS,ONT_090,What fraction of close-game possessions ended in a turnover?,RATIO,PARAPHRASE,3,2,RATIO,"[""CloseGameSituation"", ""TurnoverPossession""]","[""CloseGameSituation""]",,,RATIO,"[""CloseGameSituation"", ""TurnoverPossession""]","[""CloseGameSituation""]",,,0.13636363636363635,0.13636363636363635,0.13636363636363635,True,True,True,True,,,
202606130SAS,ONT_091,What share of late-game possessions produced a made three?,RATIO,PARAPHRASE,3,2,RATIO,"[""LateGameSituation"", ""ThreePointScoringPossession""]","[""LateGameSituation""]",,,RATIO,"[""LateGameSituation"", ""ThreePointScoringPossession""]","[""LateGameSituation""]",,,0.0,0.0,0.0,True,True,True,True,,,
202606130SAS,ONT_092,How often did teams score when the game was within one possession?,RATIO,AMBIGUOUS,4,2,RATIO,"[""OnePossessionGameSituation"", ""ScoringPossession""]","[""OnePossessionGameSituation""]",,,RATIO,"[""OnePossessionGameSituation"", ""ScoringPossession""]","[""OnePossessionGameSituation""]",,,0.43478260869565216,0.43478260869565216,0.43478260869565216,True,True,True,True,,,
202606130SAS,ONT_093,What proportion of one-possession-game possessions ended in a turnover?,RATIO,PARAPHRASE,3,2,RATIO,"[""OnePossessionGameSituation"", ""TurnoverPossession""]","[""OnePossessionGameSituation""]",,,RATIO,"[""OnePossessionGameSituation"", ""TurnoverPossession""]","[""OnePossessionGameSituation""]",,,0.06521739130434782,0.06521739130434782,0.06521739130434782,True,True,True,True,,,
202606130SAS,ONT_094,"Among late-game possessions while trailing, what proportion resulted in points?",RATIO,PARAPHRASE,3,3,RATIO,"[""LateGameSituation"", ""ScoringPossession"", ""TrailingPossession""]","[""LateGameSituation"", ""TrailingPossession""]",,,RATIO,"[""LateGameSituation"", ""ScoringPossession"", ""TrailingPossession""]","[""LateGameSituation"", ""TrailingPossession""]",,,0.4166666666666667,0.4166666666666667,0.4166666666666667,True,True,True,True,,,
202606130SAS,ONT_095,"Among close-game possessions while leading, what proportion resulted in points?",RATIO,PARAPHRASE,3,3,RATIO,"[""CloseGameSituation"", ""LeadingPossession"", ""ScoringPossession""]","[""CloseGameSituation"", ""LeadingPossession""]",,,RATIO,"[""CloseGameSituation"", ""LeadingPossession"", ""ScoringPossession""]","[""CloseGameSituation"", ""LeadingPossession""]",,,0.4444444444444444,0.4444444444444444,0.4444444444444444,True,True,True,True,,,
202606130SAS,ONT_096,Who scored the most clutch points?,RANKING,PARAPHRASE,4,1,RANK,"[""ClutchSituation""]",[],PLAYER,PTS,RANK,"[""ClutchSituation""]",[],PLAYER,PTS,"[{""player"": ""293"", ""value"": 7}]","[{""player"": ""293"", ""value"": 7}]","[{""player"": ""293"", ""value"": 7}]",True,True,True,True,,,
202606130SAS,ONT_097,Which player scored the most during clutch situations?,RANKING,PARAPHRASE,4,1,RANK,"[""ClutchSituation""]",[],PLAYER,PTS,RANK,"[""ClutchSituation""]",[],PLAYER,PTS,"[{""player"": ""293"", ""value"": 7}]","[{""player"": ""293"", ""value"": 7}]","[{""player"": ""293"", ""value"": 7}]",True,True,True,True,,,
202606130SAS,ONT_098,Who was the leading scorer in the clutch?,RANKING,PARAPHRASE,4,1,RANK,"[""ClutchSituation""]",[],PLAYER,PTS,RANK,"[""ClutchSituation""]",[],PLAYER,PTS,"[{""player"": ""293"", ""value"": 7}]","[{""player"": ""293"", ""value"": 7}]","[{""player"": ""293"", ""value"": 7}]",True,True,True,True,,,
202606130SAS,ONT_099,Which player put up the most points in clutch possessions?,RANKING,PARAPHRASE,4,1,RANK,"[""ClutchSituation""]",[],PLAYER,PTS,RANK,"[""ClutchSituation""]",[],PLAYER,PTS,"[{""player"": ""293"", ""value"": 7}]","[{""player"": ""293"", ""value"": 7}]","[{""player"": ""293"", ""value"": 7}]",True,True,True,True,,,
202606130SAS,ONT_100,Who led all players in scoring when the game was in a clutch situation?,RANKING,PARAPHRASE,4,1,RANK,"[""ClutchSituation""]",[],PLAYER,PTS,RANK,"[""ClutchSituation""]",[],PLAYER,PTS,"[{""player"": ""293"", ""value"": 7}]","[{""player"": ""293"", ""value"": 7}]","[{""player"": ""293"", ""value"": 7}]",True,True,True,True,,,
202210190MEM,ONT_027,How many times did the game enter a clutch possession?,SINGLE_CONCEPT,PARAPHRASE,1,1,COUNT,"[""ClutchSituation""]",[],,,COUNT,"[""ClutchSituation""]",[],,,23,23,23,True,True,True,True,,,
202210190MEM,ONT_028,Count the possessions played late in the game.,SINGLE_CONCEPT,PARAPHRASE,1,1,COUNT,"[""LateGameSituation""]",[],,,COUNT,"[""LateGameSituation""]",[],,,23,23,23,True,True,True,True,,,
202210190MEM,ONT_029,How many possessions took place while the game was close?,SINGLE_CONCEPT,PARAPHRASE,1,1,COUNT,"[""CloseGameSituation""]",[],,,COUNT,"[""CloseGameSituation""]",[],,,131,131,131,True,True,True,True,,,
202210190MEM,ONT_030,On how many possessions did either team put points on the board?,SINGLE_CONCEPT,IMPLICIT,1,1,COUNT,"[""ScoringPossession""]",[],,,COUNT,"[""ScoringPossession""]",[],,,99,99,99,True,True,True,True,,,
202210190MEM,ONT_031,How many possessions featured a giveaway?,SINGLE_CONCEPT,IMPLICIT,1,1,COUNT,"[""TurnoverPossession""]",[],,,COUNT,"[""TurnoverPossession""]",[],,,25,25,25,True,True,True,True,,,
202210190MEM,ONT_032,How many possessions included an offensive rebound and another opportunity?,SINGLE_CONCEPT,PARAPHRASE,1,1,COUNT,"[""SecondChancePossession""]",[],,,COUNT,"[""SecondChancePossession""]",[],,,33,33,33,True,True,True,True,,,
202210190MEM,ONT_033,How many possessions produced a successful shot from beyond the arc?,SINGLE_CONCEPT,IMPLICIT,1,1,COUNT,"[""ThreePointScoringPossession""]",[],,,COUNT,"[""ThreePointScoringPossession""]",[],,,26,26,26,True,True,True,True,,,
202210190MEM,ONT_034,How often did the offense begin a possession ahead on the scoreboard?,SINGLE_CONCEPT,AMBIGUOUS,4,1,COUNT,"[""LeadingPossession""]",[],,,COUNT,"[""LeadingPossession""]",[],,,86,86,86,True,True,True,True,,,
202210190MEM,ONT_035,How often did the offense start a possession from behind?,SINGLE_CONCEPT,AMBIGUOUS,4,1,COUNT,"[""TrailingPossession""]",[],,,COUNT,"[""TrailingPossession""]",[],,,101,101,101,True,True,True,True,,,
202210190MEM,ONT_036,How many possessions began with neither team ahead?,SINGLE_CONCEPT,IMPLICIT,1,1,COUNT,"[""TiedPossession""]",[],,,COUNT,"[""TiedPossession""]",[],,,23,23,23,True,True,True,True,,,
202210190MEM,ONT_037,How many possessions began with the teams separated by no more than one possession?,SINGLE_CONCEPT,PARAPHRASE,1,1,COUNT,"[""OnePossessionGameSituation""]",[],,,COUNT,"[""OnePossessionGameSituation""]",[],,,87,87,87,True,True,True,True,,,
202210190MEM,ONT_038,How many late-game possessions resulted in points?,COMPOSITION_2,PARAPHRASE,2,2,COUNT,"[""LateGameSituation"", ""ScoringPossession""]",[],,,COUNT,"[""LateGameSituation"", ""ScoringPossession""]",[],,,14,14,14,True,True,True,True,,,
202210190MEM,ONT_039,How many late-game possessions contained a turnover?,COMPOSITION_2,PARAPHRASE,2,2,COUNT,"[""LateGameSituation"", ""TurnoverPossession""]",[],,,COUNT,"[""LateGameSituation"", ""TurnoverPossession""]",[],,,4,4,4,True,True,True,True,,,
202210190MEM,ONT_040,How many close-game possessions produced a made three-pointer?,COMPOSITION_2,PARAPHRASE,2,2,COUNT,"[""CloseGameSituation"", ""ThreePointScoringPossession""]",[],,,COUNT,"[""CloseGameSituation"", ""ThreePointScoringPossession""]",[],,,15,15,15,True,True,True,True,,,
202210190MEM,ONT_041,How many close-game possessions were second-chance possessions?,COMPOSITION_2,PARAPHRASE,2,2,COUNT,"[""CloseGameSituation"", ""SecondChancePossession""]",[],,,COUNT,"[""CloseGameSituation"", ""SecondChancePossession""]",[],,,19,19,19,True,True,True,True,,,
202210190MEM,ONT_042,How many clutch possessions included a second chance?,COMPOSITION_2,PARAPHRASE,2,2,COUNT,"[""ClutchSituation"", ""SecondChancePossession""]",[],,,COUNT,"[""ClutchSituation"", ""SecondChancePossession""]",[],,,4,4,4,True,True,True,True,,,
202210190MEM,ONT_043,How many possessions starting from behind ended with a turnover?,COMPOSITION_2,IMPLICIT,2,2,COUNT,"[""TrailingPossession"", ""TurnoverPossession""]",[],,,COUNT,"[""TrailingPossession"", ""TurnoverPossession""]",[],,,10,10,10,True,True,True,True,,,
202210190MEM,ONT_044,How many possessions starting from behind produced a made three?,COMPOSITION_2,IMPLICIT,2,2,COUNT,"[""ThreePointScoringPossession"", ""TrailingPossession""]",[],,,COUNT,"[""ThreePointScoringPossession"", ""TrailingPossession""]",[],,,11,11,11,True,True,True,True,,,
202210190MEM,ONT_045,How many possessions starting with the offense ahead resulted in points?,COMPOSITION_2,PARAPHRASE,2,2,COUNT,"[""LeadingPossession"", ""ScoringPossession""]",[],,,COUNT,"[""LeadingPossession"", ""ScoringPossession""]",[],,,36,36,36,True,True,True,True,,,
202210190MEM,ONT_046,How many possessions starting with the offense ahead produced a made three?,COMPOSITION_2,PARAPHRASE,2,2,COUNT,"[""LeadingPossession"", ""ThreePointScoringPossession""]",[],,,COUNT,"[""LeadingPossession"", ""ThreePointScoringPossession""]",[],,,13,13,13,True,True,True,True,,,
202210190MEM,ONT_047,How many tied possessions resulted in points?,COMPOSITION_2,PARAPHRASE,2,2,COUNT,"[""ScoringPossession"", ""TiedPossession""]",[],,,COUNT,"[""ScoringPossession"", ""TiedPossession""]",[],,,11,11,11,True,True,True,True,,,
202210190MEM,ONT_048,How many tied possessions contained a turnover?,COMPOSITION_2,PARAPHRASE,2,2,COUNT,"[""TiedPossession"", ""TurnoverPossession""]",[],,,COUNT,"[""TiedPossession"", ""TurnoverPossession""]",[],,,5,5,5,True,True,True,True,,,
202210190MEM,ONT_049,How many one-possession-game possessions ended in a turnover?,COMPOSITION_2,PARAPHRASE,2,2,COUNT,"[""OnePossessionGameSituation"", ""TurnoverPossession""]",[],,,COUNT,"[""OnePossessionGameSituation"", ""TurnoverPossession""]",[],,,13,13,13,True,True,True,True,,,
202210190MEM,ONT_050,How many one-possession-game possessions produced a made three?,COMPOSITION_2,PARAPHRASE,2,2,COUNT,"[""OnePossessionGameSituation"", ""ThreePointScoringPossession""]",[],,,COUNT,"[""OnePossessionGameSituation"", ""ThreePointScoringPossession""]",[],,,12,12,12,True,True,True,True,,,
202210190MEM,ONT_051,How many one-possession-game possessions included a second chance?,COMPOSITION_2,PARAPHRASE,2,2,COUNT,"[""OnePossessionGameSituation"", ""SecondChancePossession""]",[],,,COUNT,"[""OnePossessionGameSituation"", ""SecondChancePossession""]",[],,,14,14,14,True,True,True,True,,,
202210190MEM,ONT_052,How many late-game possessions began with the offense trailing?,COMPOSITION_2,PARAPHRASE,2,2,COUNT,"[""LateGameSituation"", ""TrailingPossession""]",[],,,COUNT,"[""LateGameSituation"", ""TrailingPossession""]",[],,,11,11,11,True,True,True,True,,,
202210190MEM,ONT_053,How many late-game possessions began with the offense leading?,COMPOSITION_2,PARAPHRASE,2,2,COUNT,"[""LateGameSituation"", ""LeadingPossession""]",[],,,COUNT,"[""LateGameSituation"", ""LeadingPossession""]",[],,,6,6,6,True,True,True,True,,,
202210190MEM,ONT_054,How many late-game possessions began with the score tied?,COMPOSITION_2,PARAPHRASE,2,2,COUNT,"[""LateGameSituation"", ""TiedPossession""]",[],,,COUNT,"[""LateGameSituation"", ""TiedPossession""]",[],,,6,6,6,True,True,True,True,,,
202210190MEM,ONT_055,How many close-game possessions began with the offense trailing?,COMPOSITION_2,PARAPHRASE,2,2,COUNT,"[""CloseGameSituation"", ""TrailingPossession""]",[],,,COUNT,"[""CloseGameSituation"", ""TrailingPossession""]",[],,,57,57,57,True,True,True,True,,,
202210190MEM,ONT_056,How many close-game possessions began with the offense leading?,COMPOSITION_2,PARAPHRASE,2,2,COUNT,"[""CloseGameSituation"", ""LeadingPossession""]",[],,,COUNT,"[""CloseGameSituation"", ""LeadingPossession""]",[],,,51,51,51,True,True,True,True,,,
202210190MEM,ONT_057,How often did a team score during clutch possessions?,COMPOSITION_2,AMBIGUOUS,4,2,COUNT,"[""ClutchSituation"", ""ScoringPossession""]",[],,,RATIO,"[""ClutchSituation"", ""ScoringPossession""]","[""ClutchSituation""]",,,14,14,0.6086956521739131,False,True,False,False,SEMANTIC,OPERATION_ERROR,
202210190MEM,ONT_058,How many times was the ball turned over in the clutch?,COMPOSITION_2,PARAPHRASE,2,2,COUNT,"[""ClutchSituation"", ""TurnoverPossession""]",[],,,COUNT,"[""ClutchSituation"", ""TurnoverPossession""]",[],,,4,4,4,True,True,True,True,,,
202210190MEM,ONT_059,How many possessions produced points when the offense began behind?,COMPOSITION_2,PARAPHRASE,2,2,COUNT,"[""ScoringPossession"", ""TrailingPossession""]",[],,,COUNT,"[""ScoringPossession"", ""TrailingPossession""]",[],,,52,52,52,True,True,True,True,,,
202210190MEM,ONT_060,How often did the offense give the ball away after starting the possession ahead?,COMPOSITION_2,AMBIGUOUS,4,2,COUNT,"[""LeadingPossession"", ""TurnoverPossession""]",[],,,COUNT,"[""LeadingPossession"", ""TurnoverPossession""]",[],,,10,10,10,True,True,True,True,,,
202210190MEM,ONT_061,How often did teams score when the margin was within one possession?,COMPOSITION_2,AMBIGUOUS,4,2,COUNT,"[""OnePossessionGameSituation"", ""ScoringPossession""]",[],,,RATIO,"[""OnePossessionGameSituation"", ""ScoringPossession""]","[""OnePossessionGameSituation""]",,,39,39,0.4482758620689655,False,True,False,False,SEMANTIC,OPERATION_ERROR,
202210190MEM,ONT_062,How many threes were made on possessions that began with neither side ahead?,COMPOSITION_2,IMPLICIT,2,2,COUNT,"[""ThreePointScoringPossession"", ""TiedPossession""]",[],,,COUNT,"[""ThreePointScoringPossession"", ""TiedPossession""]",[],,,2,2,2,True,True,True,True,,,
202210190MEM,ONT_063,How many scoring possessions happened with the game still tight?,COMPOSITION_2,IMPLICIT,2,2,COUNT,"[""CloseGameSituation"", ""ScoringPossession""]",[],,,COUNT,"[""CloseGameSituation"", ""ScoringPossession""]",[],,,55,55,55,True,True,True,True,,,
202210190MEM,ONT_064,How many giveaways happened while the game was still close?,COMPOSITION_2,IMPLICIT,2,2,COUNT,"[""CloseGameSituation"", ""TurnoverPossession""]",[],,,COUNT,"[""CloseGameSituation"", ""TurnoverPossession""]",[],,,17,17,17,True,True,True,True,,,
202210190MEM,ONT_065,How many possessions produced a three late in the game?,COMPOSITION_2,PARAPHRASE,2,2,COUNT,"[""LateGameSituation"", ""ThreePointScoringPossession""]",[],,,COUNT,"[""LateGameSituation"", ""ThreePointScoringPossession""]",[],,,2,2,2,True,True,True,True,,,
202210190MEM,ONT_066,How many second opportunities occurred late in the game?,COMPOSITION_2,IMPLICIT,2,2,COUNT,"[""LateGameSituation"", ""SecondChancePossession""]",[],,,COUNT,"[""LateGameSituation"", ""SecondChancePossession""]",[],,,4,4,4,True,True,True,True,,,
202210190MEM,ONT_067,How many late-game possessions while trailing resulted in points?,COMPOSITION_3_PLUS,PARAPHRASE,3,3,COUNT,"[""LateGameSituation"", ""ScoringPossession"", ""TrailingPossession""]",[],,,COUNT,"[""LateGameSituation"", ""ScoringPossession"", ""TrailingPossession""]",[],,,9,9,9,True,True,True,True,,,
202210190MEM,ONT_068,How many late-game possessions while leading resulted in points?,COMPOSITION_3_PLUS,PARAPHRASE,3,3,COUNT,"[""LateGameSituation"", ""LeadingPossession"", ""ScoringPossession""]",[],,,COUNT,"[""LateGameSituation"", ""LeadingPossession"", ""ScoringPossession""]",[],,,3,3,3,True,True,True,True,,,
202210190MEM,ONT_069,How many late-game possessions while trailing ended in a turnover?,COMPOSITION_3_PLUS,PARAPHRASE,3,3,COUNT,"[""LateGameSituation"", ""TrailingPossession"", ""TurnoverPossession""]",[],,,COUNT,"[""LateGameSituation"", ""TrailingPossession"", ""TurnoverPossession""]",[],,,1,1,1,True,True,True,True,,,
202210190MEM,ONT_070,How many late-game possessions while leading ended in a turnover?,COMPOSITION_3_PLUS,PARAPHRASE,3,3,COUNT,"[""LateGameSituation"", ""LeadingPossession"", ""TurnoverPossession""]",[],,,COUNT,"[""LateGameSituation"", ""LeadingPossession"", ""TurnoverPossession""]",[],,,1,1,1,True,True,True,True,,,
202210190MEM,ONT_071,How many close-game possessions while trailing resulted in points?,COMPOSITION_3_PLUS,PARAPHRASE,3,3,COUNT,"[""CloseGameSituation"", ""ScoringPossession"", ""TrailingPossession""]",[],,,COUNT,"[""CloseGameSituation"", ""ScoringPossession"", ""TrailingPossession""]",[],,,25,25,25,True,True,True,True,,,
202210190MEM,ONT_072,How many close-game possessions while leading resulted in points?,COMPOSITION_3_PLUS,PARAPHRASE,3,3,COUNT,"[""CloseGameSituation"", ""LeadingPossession"", ""ScoringPossession""]",[],,,COUNT,"[""CloseGameSituation"", ""LeadingPossession"", ""ScoringPossession""]",[],,,19,19,19,True,True,True,True,,,
202210190MEM,ONT_073,How many close-game possessions while trailing contained a turnover?,COMPOSITION_3_PLUS,PARAPHRASE,3,3,COUNT,"[""CloseGameSituation"", ""TrailingPossession"", ""TurnoverPossession""]",[],,,COUNT,"[""CloseGameSituation"", ""TrailingPossession"", ""TurnoverPossession""]",[],,,6,6,6,True,True,True,True,,,
202210190MEM,ONT_074,How many one-possession-game possessions while trailing resulted in points?,COMPOSITION_3_PLUS,PARAPHRASE,3,3,COUNT,"[""OnePossessionGameSituation"", ""ScoringPossession"", ""TrailingPossession""]",[],,,COUNT,"[""OnePossessionGameSituation"", ""ScoringPossession"", ""TrailingPossession""]",[],,,16,16,16,True,True,True,True,,,
202210190MEM,ONT_075,How many one-possession-game possessions while leading resulted in points?,COMPOSITION_3_PLUS,PARAPHRASE,3,3,COUNT,"[""LeadingPossession"", ""OnePossessionGameSituation"", ""ScoringPossession""]",[],,,COUNT,"[""LeadingPossession"", ""OnePossessionGameSituation"", ""ScoringPossession""]",[],,,12,12,12,True,True,True,True,,,
202210190MEM,ONT_076,How many one-possession-game possessions while trailing ended in a turnover?,COMPOSITION_3_PLUS,PARAPHRASE,3,3,COUNT,"[""OnePossessionGameSituation"", ""TrailingPossession"", ""TurnoverPossession""]",[],,,COUNT,"[""OnePossessionGameSituation"", ""TrailingPossession"", ""TurnoverPossession""]",[],,,4,4,4,True,True,True,True,,,
202210190MEM,ONT_077,How many clutch possessions while trailing resulted in points?,COMPOSITION_3_PLUS,PARAPHRASE,3,3,COUNT,"[""ClutchSituation"", ""ScoringPossession"", ""TrailingPossession""]",[],,,COUNT,"[""ClutchSituation"", ""ScoringPossession"", ""TrailingPossession""]",[],,,9,9,9,True,True,True,True,,,
202210190MEM,ONT_078,How many clutch possessions while leading resulted in points?,COMPOSITION_3_PLUS,PARAPHRASE,3,3,COUNT,"[""ClutchSituation"", ""LeadingPossession"", ""ScoringPossession""]",[],,,COUNT,"[""ClutchSituation"", ""LeadingPossession"", ""ScoringPossession""]",[],,,3,3,3,True,True,True,True,,,
202210190MEM,ONT_079,How many clutch possessions while trailing produced a made three?,COMPOSITION_3_PLUS,PARAPHRASE,3,3,COUNT,"[""ClutchSituation"", ""ThreePointScoringPossession"", ""TrailingPossession""]",[],,,COUNT,"[""ClutchSituation"", ""ThreePointScoringPossession"", ""TrailingPossession""]",[],,,2,2,2,True,True,True,True,,,
202210190MEM,ONT_080,How many close-game second-chance possessions resulted in points?,COMPOSITION_3_PLUS,PARAPHRASE,3,3,COUNT,"[""CloseGameSituation"", ""ScoringPossession"", ""SecondChancePossession""]",[],,,COUNT,"[""CloseGameSituation"", ""ScoringPossession"", ""SecondChancePossession""]",[],,,7,7,7,True,True,True,True,,,
202210190MEM,ONT_081,What proportion of late-game possessions resulted in points?,RATIO,PARAPHRASE,3,2,RATIO,"[""LateGameSituation"", ""ScoringPossession""]","[""LateGameSituation""]",,,RATIO,"[""LateGameSituation"", ""ScoringPossession""]","[""LateGameSituation""]",,,0.6086956521739131,0.6086956521739131,0.6086956521739131,True,True,True,True,,,
202210190MEM,ONT_082,What proportion of close-game possessions resulted in points?,RATIO,PARAPHRASE,3,2,RATIO,"[""CloseGameSituation"", ""ScoringPossession""]","[""CloseGameSituation""]",,,RATIO,"[""CloseGameSituation"", ""ScoringPossession""]","[""CloseGameSituation""]",,,0.4198473282442748,0.4198473282442748,0.4198473282442748,True,True,True,True,,,
202210190MEM,ONT_083,What fraction of clutch possessions ended in a turnover?,RATIO,PARAPHRASE,3,2,RATIO,"[""ClutchSituation"", ""TurnoverPossession""]","[""ClutchSituation""]",,,RATIO,"[""ClutchSituation"", ""TurnoverPossession""]","[""ClutchSituation""]",,,0.17391304347826086,0.17391304347826086,0.17391304347826086,True,True,True,True,,,
202210190MEM,ONT_084,What share of clutch possessions produced a made three?,RATIO,PARAPHRASE,3,2,RATIO,"[""ClutchSituation"", ""ThreePointScoringPossession""]","[""ClutchSituation""]",,,RATIO,"[""ClutchSituation"", ""ThreePointScoringPossession""]","[""ClutchSituation""]",,,0.08695652173913043,0.08695652173913043,0.08695652173913043,True,True,True,True,,,
202210190MEM,ONT_085,What percentage of possessions starting from behind resulted in points?,RATIO,IMPLICIT,3,2,RATIO,"[""ScoringPossession"", ""TrailingPossession""]","[""TrailingPossession""]",,,RATIO,"[""ScoringPossession"", ""TrailingPossession""]","[""TrailingPossession""]",,,0.5148514851485149,0.5148514851485149,0.5148514851485149,True,True,True,True,,,
202210190MEM,ONT_086,What proportion of possessions starting with the offense ahead resulted in points?,RATIO,PARAPHRASE,3,2,RATIO,"[""LeadingPossession"", ""ScoringPossession""]","[""LeadingPossession""]",,,RATIO,"[""LeadingPossession"", ""ScoringPossession""]","[""LeadingPossession""]",,,0.4186046511627907,0.4186046511627907,0.4186046511627907,True,True,True,True,,,
202210190MEM,ONT_087,"Among possessions that began tied, what proportion resulted in points?",RATIO,PARAPHRASE,3,2,RATIO,"[""ScoringPossession"", ""TiedPossession""]","[""TiedPossession""]",,,RATIO,"[""ScoringPossession"", ""TiedPossession""]","[""TiedPossession""]",,,0.4782608695652174,0.4782608695652174,0.4782608695652174,True,True,True,True,,,
202210190MEM,ONT_088,"Of possessions beginning with the offense ahead, what fraction ended in a turnover?",RATIO,PARAPHRASE,3,2,RATIO,"[""LeadingPossession"", ""TurnoverPossession""]","[""LeadingPossession""]",,,RATIO,"[""LeadingPossession"", ""TurnoverPossession""]","[""LeadingPossession""]",,,0.11627906976744186,0.11627906976744186,0.11627906976744186,True,True,True,True,,,
202210190MEM,ONT_089,"Among possessions starting from behind, what share produced a made three?",RATIO,IMPLICIT,3,2,RATIO,"[""ThreePointScoringPossession"", ""TrailingPossession""]","[""TrailingPossession""]",,,RATIO,"[""ThreePointScoringPossession"", ""TrailingPossession""]","[""TrailingPossession""]",,,0.10891089108910891,0.10891089108910891,0.10891089108910891,True,True,True,True,,,
202210190MEM,ONT_090,What fraction of close-game possessions ended in a turnover?,RATIO,PARAPHRASE,3,2,RATIO,"[""CloseGameSituation"", ""TurnoverPossession""]","[""CloseGameSituation""]",,,RATIO,"[""CloseGameSituation"", ""TurnoverPossession""]","[""CloseGameSituation""]",,,0.1297709923664122,0.1297709923664122,0.1297709923664122,True,True,True,True,,,
202210190MEM,ONT_091,What share of late-game possessions produced a made three?,RATIO,PARAPHRASE,3,2,RATIO,"[""LateGameSituation"", ""ThreePointScoringPossession""]","[""LateGameSituation""]",,,RATIO,"[""LateGameSituation"", ""ThreePointScoringPossession""]","[""LateGameSituation""]",,,0.08695652173913043,0.08695652173913043,0.08695652173913043,True,True,True,True,,,
202210190MEM,ONT_092,How often did teams score when the game was within one possession?,RATIO,AMBIGUOUS,4,2,RATIO,"[""OnePossessionGameSituation"", ""ScoringPossession""]","[""OnePossessionGameSituation""]",,,RATIO,"[""OnePossessionGameSituation"", ""ScoringPossession""]","[""OnePossessionGameSituation""]",,,0.4482758620689655,0.4482758620689655,0.4482758620689655,True,True,True,True,,,
202210190MEM,ONT_093,What proportion of one-possession-game possessions ended in a turnover?,RATIO,PARAPHRASE,3,2,RATIO,"[""OnePossessionGameSituation"", ""TurnoverPossession""]","[""OnePossessionGameSituation""]",,,RATIO,"[""OnePossessionGameSituation"", ""TurnoverPossession""]","[""OnePossessionGameSituation""]",,,0.14942528735632185,0.14942528735632185,0.14942528735632185,True,True,True,True,,,
202210190MEM,ONT_094,"Among late-game possessions while trailing, what proportion resulted in points?",RATIO,PARAPHRASE,3,3,RATIO,"[""LateGameSituation"", ""ScoringPossession"", ""TrailingPossession""]","[""LateGameSituation"", ""TrailingPossession""]",,,RATIO,"[""LateGameSituation"", ""ScoringPossession"", ""TrailingPossession""]","[""LateGameSituation"", ""TrailingPossession""]",,,0.8181818181818182,0.8181818181818182,0.8181818181818182,True,True,True,True,,,
202210190MEM,ONT_095,"Among close-game possessions while leading, what proportion resulted in points?",RATIO,PARAPHRASE,3,3,RATIO,"[""CloseGameSituation"", ""LeadingPossession"", ""ScoringPossession""]","[""CloseGameSituation"", ""LeadingPossession""]",,,RATIO,"[""CloseGameSituation"", ""LeadingPossession"", ""ScoringPossession""]","[""CloseGameSituation"", ""LeadingPossession""]",,,0.37254901960784315,0.37254901960784315,0.37254901960784315,True,True,True,True,,,
202210190MEM,ONT_096,Who scored the most clutch points?,RANKING,PARAPHRASE,4,1,RANK,"[""ClutchSituation""]",[],PLAYER,PTS,RANK,"[""ClutchSituation""]",[],PLAYER,PTS,"[{""player"": ""2199"", ""value"": 7}]","[{""player"": ""2199"", ""value"": 7}]","[{""player"": ""2199"", ""value"": 7}]",True,True,True,True,,,
202210190MEM,ONT_097,Which player scored the most during clutch situations?,RANKING,PARAPHRASE,4,1,RANK,"[""ClutchSituation""]",[],PLAYER,PTS,RANK,"[""ClutchSituation""]",[],PLAYER,PTS,"[{""player"": ""2199"", ""value"": 7}]","[{""player"": ""2199"", ""value"": 7}]","[{""player"": ""2199"", ""value"": 7}]",True,True,True,True,,,
202210190MEM,ONT_098,Who was the leading scorer in the clutch?,RANKING,PARAPHRASE,4,1,RANK,"[""ClutchSituation""]",[],PLAYER,PTS,RANK,"[""ClutchSituation""]",[],PLAYER,PTS,"[{""player"": ""2199"", ""value"": 7}]","[{""player"": ""2199"", ""value"": 7}]","[{""player"": ""2199"", ""value"": 7}]",True,True,True,True,,,
202210190MEM,ONT_099,Which player put up the most points in clutch possessions?,RANKING,PARAPHRASE,4,1,RANK,"[""ClutchSituation""]",[],PLAYER,PTS,RANK,"[""ClutchSituation""]",[],PLAYER,PTS,"[{""player"": ""2199"", ""value"": 7}]","[{""player"": ""2199"", ""value"": 7}]","[{""player"": ""2199"", ""value"": 7}]",True,True,True,True,,,
202210190MEM,ONT_100,Who led all players in scoring when the game was in a clutch situation?,RANKING,PARAPHRASE,4,1,RANK,"[""ClutchSituation""]",[],PLAYER,PTS,RANK,"[""ClutchSituation""]",[],PLAYER,PTS,"[{""player"": ""2199"", ""value"": 7}]","[{""player"": ""2199"", ""value"": 7}]","[{""player"": ""2199"", ""value"": 7}]",True,True,True,True,,,
202301040SLB,ONT_027,How many times did the game enter a clutch possession?,SINGLE_CONCEPT,PARAPHRASE,1,1,COUNT,"[""ClutchSituation""]",[],,,COUNT,"[""ClutchSituation""]",[],,,0,0,0,True,True,True,True,,,
202301040SLB,ONT_028,Count the possessions played late in the game.,SINGLE_CONCEPT,PARAPHRASE,1,1,COUNT,"[""LateGameSituation""]",[],,,COUNT,"[""LateGameSituation""]",[],,,24,24,24,True,True,True,True,,,
202301040SLB,ONT_029,How many possessions took place while the game was close?,SINGLE_CONCEPT,PARAPHRASE,1,1,COUNT,"[""CloseGameSituation""]",[],,,COUNT,"[""CloseGameSituation""]",[],,,30,30,30,True,True,True,True,,,
202301040SLB,ONT_030,On how many possessions did either team put points on the board?,SINGLE_CONCEPT,IMPLICIT,1,1,COUNT,"[""ScoringPossession""]",[],,,COUNT,"[""ScoringPossession""]",[],,,79,79,79,True,True,True,True,,,
202301040SLB,ONT_031,How many possessions featured a giveaway?,SINGLE_CONCEPT,IMPLICIT,1,1,COUNT,"[""TurnoverPossession""]",[],,,COUNT,"[""TurnoverPossession""]",[],,,34,34,34,True,True,True,True,,,
202301040SLB,ONT_032,How many possessions included an offensive rebound and another opportunity?,SINGLE_CONCEPT,PARAPHRASE,1,1,COUNT,"[""SecondChancePossession""]",[],,,COUNT,"[""SecondChancePossession""]",[],,,12,12,12,True,True,True,True,,,
202301040SLB,ONT_033,How many possessions produced a successful shot from beyond the arc?,SINGLE_CONCEPT,IMPLICIT,1,1,COUNT,"[""ThreePointScoringPossession""]",[],,,COUNT,"[""ThreePointScoringPossession""]",[],,,15,15,15,True,True,True,True,,,
202301040SLB,ONT_034,How often did the offense begin a possession ahead on the scoreboard?,SINGLE_CONCEPT,AMBIGUOUS,4,1,COUNT,"[""LeadingPossession""]",[],,,COUNT,"[""LeadingPossession""]",[],,,74,74,74,True,True,True,True,,,
202301040SLB,ONT_035,How often did the offense start a possession from behind?,SINGLE_CONCEPT,AMBIGUOUS,4,1,COUNT,"[""TrailingPossession""]",[],,,COUNT,"[""TrailingPossession""]",[],,,74,74,74,True,True,True,True,,,
202301040SLB,ONT_036,How many possessions began with neither team ahead?,SINGLE_CONCEPT,IMPLICIT,1,1,COUNT,"[""TiedPossession""]",[],,,COUNT,"[""TiedPossession""]",[],,,6,6,6,True,True,True,True,,,
202301040SLB,ONT_037,How many possessions began with the teams separated by no more than one possession?,SINGLE_CONCEPT,PARAPHRASE,1,1,COUNT,"[""OnePossessionGameSituation""]",[],,,COUNT,"[""OnePossessionGameSituation""]",[],,,14,14,14,True,True,True,True,,,
202301040SLB,ONT_038,How many late-game possessions resulted in points?,COMPOSITION_2,PARAPHRASE,2,2,COUNT,"[""LateGameSituation"", ""ScoringPossession""]",[],,,COUNT,"[""LateGameSituation"", ""ScoringPossession""]",[],,,11,11,11,True,True,True,True,,,
202301040SLB,ONT_039,How many late-game possessions contained a turnover?,COMPOSITION_2,PARAPHRASE,2,2,COUNT,"[""LateGameSituation"", ""TurnoverPossession""]",[],,,COUNT,"[""LateGameSituation"", ""TurnoverPossession""]",[],,,6,6,6,True,True,True,True,,,
202301040SLB,ONT_040,How many close-game possessions produced a made three-pointer?,COMPOSITION_2,PARAPHRASE,2,2,COUNT,"[""CloseGameSituation"", ""ThreePointScoringPossession""]",[],,,COUNT,"[""CloseGameSituation"", ""ThreePointScoringPossession""]",[],,,4,4,4,True,True,True,True,,,
202301040SLB,ONT_041,How many close-game possessions were second-chance possessions?,COMPOSITION_2,PARAPHRASE,2,2,COUNT,"[""CloseGameSituation"", ""SecondChancePossession""]",[],,,COUNT,"[""CloseGameSituation"", ""SecondChancePossession""]",[],,,2,2,2,True,True,True,True,,,
202301040SLB,ONT_042,How many clutch possessions included a second chance?,COMPOSITION_2,PARAPHRASE,2,2,COUNT,"[""ClutchSituation"", ""SecondChancePossession""]",[],,,COUNT,"[""ClutchSituation"", ""SecondChancePossession""]",[],,,0,0,0,True,True,True,True,,,
202301040SLB,ONT_043,How many possessions starting from behind ended with a turnover?,COMPOSITION_2,IMPLICIT,2,2,COUNT,"[""TrailingPossession"", ""TurnoverPossession""]",[],,,COUNT,"[""TrailingPossession"", ""TurnoverPossession""]",[],,,19,19,19,True,True,True,True,,,
202301040SLB,ONT_044,How many possessions starting from behind produced a made three?,COMPOSITION_2,IMPLICIT,2,2,COUNT,"[""ThreePointScoringPossession"", ""TrailingPossession""]",[],,,COUNT,"[""ThreePointScoringPossession"", ""TrailingPossession""]",[],,,6,6,6,True,True,True,True,,,
202301040SLB,ONT_045,How many possessions starting with the offense ahead resulted in points?,COMPOSITION_2,PARAPHRASE,2,2,COUNT,"[""LeadingPossession"", ""ScoringPossession""]",[],,,COUNT,"[""LeadingPossession"", ""ScoringPossession""]",[],,,40,40,40,True,True,True,True,,,
202301040SLB,ONT_046,How many possessions starting with the offense ahead produced a made three?,COMPOSITION_2,PARAPHRASE,2,2,COUNT,"[""LeadingPossession"", ""ThreePointScoringPossession""]",[],,,COUNT,"[""LeadingPossession"", ""ThreePointScoringPossession""]",[],,,8,8,8,True,True,True,True,,,
202301040SLB,ONT_047,How many tied possessions resulted in points?,COMPOSITION_2,PARAPHRASE,2,2,COUNT,"[""ScoringPossession"", ""TiedPossession""]",[],,,COUNT,"[""ScoringPossession"", ""TiedPossession""]",[],,,2,2,2,True,True,True,True,,,
202301040SLB,ONT_048,How many tied possessions contained a turnover?,COMPOSITION_2,PARAPHRASE,2,2,COUNT,"[""TiedPossession"", ""TurnoverPossession""]",[],,,COUNT,"[""TiedPossession"", ""TurnoverPossession""]",[],,,0,0,0,True,True,True,True,,,
202301040SLB,ONT_049,How many one-possession-game possessions ended in a turnover?,COMPOSITION_2,PARAPHRASE,2,2,COUNT,"[""OnePossessionGameSituation"", ""TurnoverPossession""]",[],,,COUNT,"[""OnePossessionGameSituation"", ""TurnoverPossession""]",[],,,1,1,1,True,True,True,True,,,
202301040SLB,ONT_050,How many one-possession-game possessions produced a made three?,COMPOSITION_2,PARAPHRASE,2,2,COUNT,"[""OnePossessionGameSituation"", ""ThreePointScoringPossession""]",[],,,COUNT,"[""OnePossessionGameSituation"", ""ThreePointScoringPossession""]",[],,,3,3,3,True,True,True,True,,,
202301040SLB,ONT_051,How many one-possession-game possessions included a second chance?,COMPOSITION_2,PARAPHRASE,2,2,COUNT,"[""OnePossessionGameSituation"", ""SecondChancePossession""]",[],,,COUNT,"[""OnePossessionGameSituation"", ""SecondChancePossession""]",[],,,2,2,2,True,True,True,True,,,
202301040SLB,ONT_052,How many late-game possessions began with the offense trailing?,COMPOSITION_2,PARAPHRASE,2,2,COUNT,"[""LateGameSituation"", ""TrailingPossession""]",[],,,COUNT,"[""LateGameSituation"", ""TrailingPossession""]",[],,,11,11,11,True,True,True,True,,,
202301040SLB,ONT_053,How many late-game possessions began with the offense leading?,COMPOSITION_2,PARAPHRASE,2,2,COUNT,"[""LateGameSituation"", ""LeadingPossession""]",[],,,COUNT,"[""LateGameSituation"", ""LeadingPossession""]",[],,,12,12,12,True,True,True,True,,,
202301040SLB,ONT_054,How many late-game possessions began with the score tied?,COMPOSITION_2,PARAPHRASE,2,2,COUNT,"[""LateGameSituation"", ""TiedPossession""]",[],,,COUNT,"[""LateGameSituation"", ""TiedPossession""]",[],,,0,0,0,True,True,True,True,,,
202301040SLB,ONT_055,How many close-game possessions began with the offense trailing?,COMPOSITION_2,PARAPHRASE,2,2,COUNT,"[""CloseGameSituation"", ""TrailingPossession""]",[],,,COUNT,"[""CloseGameSituation"", ""TrailingPossession""]",[],,,11,11,11,True,True,True,True,,,
202301040SLB,ONT_056,How many close-game possessions began with the offense leading?,COMPOSITION_2,PARAPHRASE,2,2,COUNT,"[""CloseGameSituation"", ""LeadingPossession""]",[],,,COUNT,"[""CloseGameSituation"", ""LeadingPossession""]",[],,,13,13,13,True,True,True,True,,,
202301040SLB,ONT_057,How often did a team score during clutch possessions?,COMPOSITION_2,AMBIGUOUS,4,2,COUNT,"[""ClutchSituation"", ""ScoringPossession""]",[],,,RATIO,"[""ClutchSituation"", ""ScoringPossession""]","[""ClutchSituation""]",,,0,0,,False,True,False,False,SEMANTIC,OPERATION_ERROR,
202301040SLB,ONT_058,How many times was the ball turned over in the clutch?,COMPOSITION_2,PARAPHRASE,2,2,COUNT,"[""ClutchSituation"", ""TurnoverPossession""]",[],,,COUNT,"[""ClutchSituation"", ""TurnoverPossession""]",[],,,0,0,0,True,True,True,True,,,
202301040SLB,ONT_059,How many possessions produced points when the offense began behind?,COMPOSITION_2,PARAPHRASE,2,2,COUNT,"[""ScoringPossession"", ""TrailingPossession""]",[],,,COUNT,"[""ScoringPossession"", ""TrailingPossession""]",[],,,37,37,37,True,True,True,True,,,
202301040SLB,ONT_060,How often did the offense give the ball away after starting the possession ahead?,COMPOSITION_2,AMBIGUOUS,4,2,COUNT,"[""LeadingPossession"", ""TurnoverPossession""]",[],,,RATIO,"[""LeadingPossession"", ""TurnoverPossession""]","[""LeadingPossession""]",,,15,15,0.20270270270270271,False,True,False,False,SEMANTIC,OPERATION_ERROR,
202301040SLB,ONT_061,How often did teams score when the margin was within one possession?,COMPOSITION_2,AMBIGUOUS,4,2,COUNT,"[""OnePossessionGameSituation"", ""ScoringPossession""]",[],,,RATIO,"[""OnePossessionGameSituation"", ""ScoringPossession""]","[""OnePossessionGameSituation""]",,,7,7,0.5,False,True,False,False,SEMANTIC,OPERATION_ERROR,
202301040SLB,ONT_062,How many threes were made on possessions that began with neither side ahead?,COMPOSITION_2,IMPLICIT,2,2,COUNT,"[""ThreePointScoringPossession"", ""TiedPossession""]",[],,,COUNT,"[""ThreePointScoringPossession"", ""TiedPossession""]",[],,,1,1,1,True,True,True,True,,,
202301040SLB,ONT_063,How many scoring possessions happened with the game still tight?,COMPOSITION_2,IMPLICIT,2,2,COUNT,"[""CloseGameSituation"", ""ScoringPossession""]",[],,,COUNT,"[""CloseGameSituation"", ""ScoringPossession""]",[],,,14,14,14,True,True,True,True,,,
202301040SLB,ONT_064,How many giveaways happened while the game was still close?,COMPOSITION_2,IMPLICIT,2,2,COUNT,"[""CloseGameSituation"", ""TurnoverPossession""]",[],,,COUNT,"[""CloseGameSituation"", ""TurnoverPossession""]",[],,,7,7,7,True,True,True,True,,,
202301040SLB,ONT_065,How many possessions produced a three late in the game?,COMPOSITION_2,PARAPHRASE,2,2,COUNT,"[""LateGameSituation"", ""ThreePointScoringPossession""]",[],,,COUNT,"[""LateGameSituation"", ""ThreePointScoringPossession""]",[],,,0,0,0,True,True,True,True,,,
202301040SLB,ONT_066,How many second opportunities occurred late in the game?,COMPOSITION_2,IMPLICIT,2,2,COUNT,"[""LateGameSituation"", ""SecondChancePossession""]",[],,,COUNT,"[""LateGameSituation"", ""SecondChancePossession""]",[],,,3,3,3,True,True,True,True,,,
202301040SLB,ONT_067,How many late-game possessions while trailing resulted in points?,COMPOSITION_3_PLUS,PARAPHRASE,3,3,COUNT,"[""LateGameSituation"", ""ScoringPossession"", ""TrailingPossession""]",[],,,COUNT,"[""LateGameSituation"", ""ScoringPossession"", ""TrailingPossession""]",[],,,5,5,5,True,True,True,True,,,
202301040SLB,ONT_068,How many late-game possessions while leading resulted in points?,COMPOSITION_3_PLUS,PARAPHRASE,3,3,COUNT,"[""LateGameSituation"", ""LeadingPossession"", ""ScoringPossession""]",[],,,COUNT,"[""LateGameSituation"", ""LeadingPossession"", ""ScoringPossession""]",[],,,6,6,6,True,True,True,True,,,
202301040SLB,ONT_069,How many late-game possessions while trailing ended in a turnover?,COMPOSITION_3_PLUS,PARAPHRASE,3,3,COUNT,"[""LateGameSituation"", ""TrailingPossession"", ""TurnoverPossession""]",[],,,COUNT,"[""LateGameSituation"", ""TrailingPossession"", ""TurnoverPossession""]",[],,,2,2,2,True,True,True,True,,,
202301040SLB,ONT_070,How many late-game possessions while leading ended in a turnover?,COMPOSITION_3_PLUS,PARAPHRASE,3,3,COUNT,"[""LateGameSituation"", ""LeadingPossession"", ""TurnoverPossession""]",[],,,COUNT,"[""LateGameSituation"", ""LeadingPossession"", ""TurnoverPossession""]",[],,,4,4,4,True,True,True,True,,,
202301040SLB,ONT_071,How many close-game possessions while trailing resulted in points?,COMPOSITION_3_PLUS,PARAPHRASE,3,3,COUNT,"[""CloseGameSituation"", ""ScoringPossession"", ""TrailingPossession""]",[],,,COUNT,"[""CloseGameSituation"", ""ScoringPossession"", ""TrailingPossession""]",[],,,4,4,4,True,True,True,True,,,
202301040SLB,ONT_072,How many close-game possessions while leading resulted in points?,COMPOSITION_3_PLUS,PARAPHRASE,3,3,COUNT,"[""CloseGameSituation"", ""LeadingPossession"", ""ScoringPossession""]",[],,,COUNT,"[""CloseGameSituation"", ""LeadingPossession"", ""ScoringPossession""]",[],,,8,8,8,True,True,True,True,,,
202301040SLB,ONT_073,How many close-game possessions while trailing contained a turnover?,COMPOSITION_3_PLUS,PARAPHRASE,3,3,COUNT,"[""CloseGameSituation"", ""TrailingPossession"", ""TurnoverPossession""]",[],,,COUNT,"[""CloseGameSituation"", ""TrailingPossession"", ""TurnoverPossession""]",[],,,5,5,5,True,True,True,True,,,
202301040SLB,ONT_074,How many one-possession-game possessions while trailing resulted in points?,COMPOSITION_3_PLUS,PARAPHRASE,3,3,COUNT,"[""OnePossessionGameSituation"", ""ScoringPossession"", ""TrailingPossession""]",[],,,COUNT,"[""OnePossessionGameSituation"", ""ScoringPossession"", ""TrailingPossession""]",[],,,1,1,1,True,True,True,True,,,
202301040SLB,ONT_075,How many one-possession-game possessions while leading resulted in points?,COMPOSITION_3_PLUS,PARAPHRASE,3,3,COUNT,"[""LeadingPossession"", ""OnePossessionGameSituation"", ""ScoringPossession""]",[],,,COUNT,"[""LeadingPossession"", ""OnePossessionGameSituation"", ""ScoringPossession""]",[],,,4,4,4,True,True,True,True,,,
202301040SLB,ONT_076,How many one-possession-game possessions while trailing ended in a turnover?,COMPOSITION_3_PLUS,PARAPHRASE,3,3,COUNT,"[""OnePossessionGameSituation"", ""TrailingPossession"", ""TurnoverPossession""]",[],,,COUNT,"[""OnePossessionGameSituation"", ""TrailingPossession"", ""TurnoverPossession""]",[],,,1,1,1,True,True,True,True,,,
202301040SLB,ONT_077,How many clutch possessions while trailing resulted in points?,COMPOSITION_3_PLUS,PARAPHRASE,3,3,COUNT,"[""ClutchSituation"", ""ScoringPossession"", ""TrailingPossession""]",[],,,COUNT,"[""ClutchSituation"", ""ScoringPossession"", ""TrailingPossession""]",[],,,0,0,0,True,True,True,True,,,
202301040SLB,ONT_078,How many clutch possessions while leading resulted in points?,COMPOSITION_3_PLUS,PARAPHRASE,3,3,COUNT,"[""ClutchSituation"", ""LeadingPossession"", ""ScoringPossession""]",[],,,COUNT,"[""ClutchSituation"", ""LeadingPossession"", ""ScoringPossession""]",[],,,0,0,0,True,True,True,True,,,
202301040SLB,ONT_079,How many clutch possessions while trailing produced a made three?,COMPOSITION_3_PLUS,PARAPHRASE,3,3,COUNT,"[""ClutchSituation"", ""ThreePointScoringPossession"", ""TrailingPossession""]",[],,,COUNT,"[""ClutchSituation"", ""ThreePointScoringPossession"", ""TrailingPossession""]",[],,,0,0,0,True,True,True,True,,,
202301040SLB,ONT_080,How many close-game second-chance possessions resulted in points?,COMPOSITION_3_PLUS,PARAPHRASE,3,3,COUNT,"[""CloseGameSituation"", ""ScoringPossession"", ""SecondChancePossession""]",[],,,COUNT,"[""CloseGameSituation"", ""ScoringPossession"", ""SecondChancePossession""]",[],,,0,0,0,True,True,True,True,,,
202301040SLB,ONT_081,What proportion of late-game possessions resulted in points?,RATIO,PARAPHRASE,3,2,RATIO,"[""LateGameSituation"", ""ScoringPossession""]","[""LateGameSituation""]",,,RATIO,"[""LateGameSituation"", ""ScoringPossession""]","[""LateGameSituation""]",,,0.4583333333333333,0.4583333333333333,0.4583333333333333,True,True,True,True,,,
202301040SLB,ONT_082,What proportion of close-game possessions resulted in points?,RATIO,PARAPHRASE,3,2,RATIO,"[""CloseGameSituation"", ""ScoringPossession""]","[""CloseGameSituation""]",,,RATIO,"[""CloseGameSituation"", ""ScoringPossession""]","[""CloseGameSituation""]",,,0.4666666666666667,0.4666666666666667,0.4666666666666667,True,True,True,True,,,
202301040SLB,ONT_083,What fraction of clutch possessions ended in a turnover?,RATIO,PARAPHRASE,3,2,RATIO,"[""ClutchSituation"", ""TurnoverPossession""]","[""ClutchSituation""]",,,RATIO,"[""ClutchSituation"", ""TurnoverPossession""]","[""ClutchSituation""]",,,,,,True,True,True,True,,,
202301040SLB,ONT_084,What share of clutch possessions produced a made three?,RATIO,PARAPHRASE,3,2,RATIO,"[""ClutchSituation"", ""ThreePointScoringPossession""]","[""ClutchSituation""]",,,RATIO,"[""ClutchSituation"", ""ThreePointScoringPossession""]","[""ClutchSituation""]",,,,,,True,True,True,True,,,
202301040SLB,ONT_085,What percentage of possessions starting from behind resulted in points?,RATIO,IMPLICIT,3,2,RATIO,"[""ScoringPossession"", ""TrailingPossession""]","[""TrailingPossession""]",,,RATIO,"[""ScoringPossession"", ""TrailingPossession""]","[""TrailingPossession""]",,,0.5,0.5,0.5,True,True,True,True,,,
202301040SLB,ONT_086,What proportion of possessions starting with the offense ahead resulted in points?,RATIO,PARAPHRASE,3,2,RATIO,"[""LeadingPossession"", ""ScoringPossession""]","[""LeadingPossession""]",,,RATIO,"[""LeadingPossession"", ""ScoringPossession""]","[""LeadingPossession""]",,,0.5405405405405406,0.5405405405405406,0.5405405405405406,True,True,True,True,,,
202301040SLB,ONT_087,"Among possessions that began tied, what proportion resulted in points?",RATIO,PARAPHRASE,3,2,RATIO,"[""ScoringPossession"", ""TiedPossession""]","[""TiedPossession""]",,,RATIO,"[""ScoringPossession"", ""TiedPossession""]","[""TiedPossession""]",,,0.3333333333333333,0.3333333333333333,0.3333333333333333,True,True,True,True,,,
202301040SLB,ONT_088,"Of possessions beginning with the offense ahead, what fraction ended in a turnover?",RATIO,PARAPHRASE,3,2,RATIO,"[""LeadingPossession"", ""TurnoverPossession""]","[""LeadingPossession""]",,,RATIO,"[""LeadingPossession"", ""TurnoverPossession""]","[""LeadingPossession""]",,,0.20270270270270271,0.20270270270270271,0.20270270270270271,True,True,True,True,,,
202301040SLB,ONT_089,"Among possessions starting from behind, what share produced a made three?",RATIO,IMPLICIT,3,2,RATIO,"[""ThreePointScoringPossession"", ""TrailingPossession""]","[""TrailingPossession""]",,,RATIO,"[""ThreePointScoringPossession"", ""TrailingPossession""]","[""TrailingPossession""]",,,0.08108108108108109,0.08108108108108109,0.08108108108108109,True,True,True,True,,,
202301040SLB,ONT_090,What fraction of close-game possessions ended in a turnover?,RATIO,PARAPHRASE,3,2,RATIO,"[""CloseGameSituation"", ""TurnoverPossession""]","[""CloseGameSituation""]",,,RATIO,"[""CloseGameSituation"", ""TurnoverPossession""]","[""CloseGameSituation""]",,,0.23333333333333334,0.23333333333333334,0.23333333333333334,True,True,True,True,,,
202301040SLB,ONT_091,What share of late-game possessions produced a made three?,RATIO,PARAPHRASE,3,2,RATIO,"[""LateGameSituation"", ""ThreePointScoringPossession""]","[""LateGameSituation""]",,,RATIO,"[""LateGameSituation"", ""ThreePointScoringPossession""]","[""LateGameSituation""]",,,0.0,0.0,0.0,True,True,True,True,,,
202301040SLB,ONT_092,How often did teams score when the game was within one possession?,RATIO,AMBIGUOUS,4,2,RATIO,"[""OnePossessionGameSituation"", ""ScoringPossession""]","[""OnePossessionGameSituation""]",,,RATIO,"[""OnePossessionGameSituation"", ""ScoringPossession""]","[""OnePossessionGameSituation""]",,,0.5,0.5,0.5,True,True,True,True,,,
202301040SLB,ONT_093,What proportion of one-possession-game possessions ended in a turnover?,RATIO,PARAPHRASE,3,2,RATIO,"[""OnePossessionGameSituation"", ""TurnoverPossession""]","[""OnePossessionGameSituation""]",,,RATIO,"[""OnePossessionGameSituation"", ""TurnoverPossession""]","[""OnePossessionGameSituation""]",,,0.07142857142857142,0.07142857142857142,0.07142857142857142,True,True,True,True,,,
202301040SLB,ONT_094,"Among late-game possessions while trailing, what proportion resulted in points?",RATIO,PARAPHRASE,3,3,RATIO,"[""LateGameSituation"", ""ScoringPossession"", ""TrailingPossession""]","[""LateGameSituation"", ""TrailingPossession""]",,,RATIO,"[""LateGameSituation"", ""ScoringPossession"", ""TrailingPossession""]","[""LateGameSituation"", ""TrailingPossession""]",,,0.45454545454545453,0.45454545454545453,0.45454545454545453,True,True,True,True,,,
202301040SLB,ONT_095,"Among close-game possessions while leading, what proportion resulted in points?",RATIO,PARAPHRASE,3,3,RATIO,"[""CloseGameSituation"", ""LeadingPossession"", ""ScoringPossession""]","[""CloseGameSituation"", ""LeadingPossession""]",,,RATIO,"[""CloseGameSituation"", ""LeadingPossession"", ""ScoringPossession""]","[""CloseGameSituation"", ""LeadingPossession""]",,,0.6153846153846154,0.6153846153846154,0.6153846153846154,True,True,True,True,,,
202301040SLB,ONT_096,Who scored the most clutch points?,RANKING,PARAPHRASE,4,1,RANK,"[""ClutchSituation""]",[],PLAYER,PTS,RANK,"[""ClutchSituation""]",[],PLAYER,PTS,[],[],[],True,True,True,True,,,
202301040SLB,ONT_097,Which player scored the most during clutch situations?,RANKING,PARAPHRASE,4,1,RANK,"[""ClutchSituation""]",[],PLAYER,PTS,RANK,"[""ClutchSituation""]",[],PLAYER,PTS,[],[],[],True,True,True,True,,,
202301040SLB,ONT_098,Who was the leading scorer in the clutch?,RANKING,PARAPHRASE,4,1,RANK,"[""ClutchSituation""]",[],PLAYER,PTS,RANK,"[""ClutchSituation""]",[],PLAYER,PTS,[],[],[],True,True,True,True,,,
202301040SLB,ONT_099,Which player put up the most points in clutch possessions?,RANKING,PARAPHRASE,4,1,RANK,"[""ClutchSituation""]",[],PLAYER,PTS,RANK,"[""ClutchSituation""]",[],PLAYER,PTS,[],[],[],True,True,True,True,,,
202301040SLB,ONT_100,Who led all players in scoring when the game was in a clutch situation?,RANKING,PARAPHRASE,4,1,RANK,"[""ClutchSituation""]",[],PLAYER,PTS,RANK,"[""ClutchSituation""]",[],PLAYER,PTS,[],[],[],True,True,True,True,,,
202510070PROM,ONT_027,How many times did the game enter a clutch possession?,SINGLE_CONCEPT,PARAPHRASE,1,1,COUNT,"[""ClutchSituation""]",[],,,COUNT,"[""ClutchSituation""]",[],,,13,13,13,True,True,True,True,,,
202510070PROM,ONT_028,Count the possessions played late in the game.,SINGLE_CONCEPT,PARAPHRASE,1,1,COUNT,"[""LateGameSituation""]",[],,,COUNT,"[""LateGameSituation""]",[],,,25,25,25,True,True,True,True,,,
202510070PROM,ONT_029,How many possessions took place while the game was close?,SINGLE_CONCEPT,PARAPHRASE,1,1,COUNT,"[""CloseGameSituation""]",[],,,COUNT,"[""CloseGameSituation""]",[],,,30,30,30,True,True,True,True,,,
202510070PROM,ONT_030,On how many possessions did either team put points on the board?,SINGLE_CONCEPT,IMPLICIT,1,1,COUNT,"[""ScoringPossession""]",[],,,COUNT,"[""ScoringPossession""]",[],,,81,81,81,True,True,True,True,,,
202510070PROM,ONT_031,How many possessions featured a giveaway?,SINGLE_CONCEPT,IMPLICIT,1,1,COUNT,"[""TurnoverPossession""]",[],,,COUNT,"[""TurnoverPossession""]",[],,,37,37,37,True,True,True,True,,,
202510070PROM,ONT_032,How many possessions included an offensive rebound and another opportunity?,SINGLE_CONCEPT,PARAPHRASE,1,1,COUNT,"[""SecondChancePossession""]",[],,,COUNT,"[""SecondChancePossession""]",[],,,20,20,20,True,True,True,True,,,
202510070PROM,ONT_033,How many possessions produced a successful shot from beyond the arc?,SINGLE_CONCEPT,IMPLICIT,1,1,COUNT,"[""ThreePointScoringPossession""]",[],,,COUNT,"[""ThreePointScoringPossession""]",[],,,20,20,20,True,True,True,True,,,
202510070PROM,ONT_034,How often did the offense begin a possession ahead on the scoreboard?,SINGLE_CONCEPT,AMBIGUOUS,4,1,COUNT,"[""LeadingPossession""]",[],,,COUNT,"[""LeadingPossession""]",[],,,82,82,82,True,True,True,True,,,
202510070PROM,ONT_035,How often did the offense start a possession from behind?,SINGLE_CONCEPT,AMBIGUOUS,4,1,COUNT,"[""TrailingPossession""]",[],,,COUNT,"[""TrailingPossession""]",[],,,83,83,83,True,True,True,True,,,
202510070PROM,ONT_036,How many possessions began with neither team ahead?,SINGLE_CONCEPT,IMPLICIT,1,1,COUNT,"[""TiedPossession""]",[],,,COUNT,"[""TiedPossession""]",[],,,3,3,3,True,True,True,True,,,
202510070PROM,ONT_037,How many possessions began with the teams separated by no more than one possession?,SINGLE_CONCEPT,PARAPHRASE,1,1,COUNT,"[""OnePossessionGameSituation""]",[],,,COUNT,"[""OnePossessionGameSituation""]",[],,,16,16,16,True,True,True,True,,,
202510070PROM,ONT_038,How many late-game possessions resulted in points?,COMPOSITION_2,PARAPHRASE,2,2,COUNT,"[""LateGameSituation"", ""ScoringPossession""]",[],,,COUNT,"[""LateGameSituation"", ""ScoringPossession""]",[],,,14,14,14,True,True,True,True,,,
202510070PROM,ONT_039,How many late-game possessions contained a turnover?,COMPOSITION_2,PARAPHRASE,2,2,COUNT,"[""LateGameSituation"", ""TurnoverPossession""]",[],,,COUNT,"[""LateGameSituation"", ""TurnoverPossession""]",[],,,3,3,3,True,True,True,True,,,
202510070PROM,ONT_040,How many close-game possessions produced a made three-pointer?,COMPOSITION_2,PARAPHRASE,2,2,COUNT,"[""CloseGameSituation"", ""ThreePointScoringPossession""]",[],,,COUNT,"[""CloseGameSituation"", ""ThreePointScoringPossession""]",[],,,3,3,3,True,True,True,True,,,
202510070PROM,ONT_041,How many close-game possessions were second-chance possessions?,COMPOSITION_2,PARAPHRASE,2,2,COUNT,"[""CloseGameSituation"", ""SecondChancePossession""]",[],,,COUNT,"[""CloseGameSituation"", ""SecondChancePossession""]",[],,,2,2,2,True,True,True,True,,,
202510070PROM,ONT_042,How many clutch possessions included a second chance?,COMPOSITION_2,PARAPHRASE,2,2,COUNT,"[""ClutchSituation"", ""SecondChancePossession""]",[],,,COUNT,"[""ClutchSituation"", ""SecondChancePossession""]",[],,,2,2,2,True,True,True,True,,,
202510070PROM,ONT_043,How many possessions starting from behind ended with a turnover?,COMPOSITION_2,IMPLICIT,2,2,COUNT,"[""TrailingPossession"", ""TurnoverPossession""]",[],,,COUNT,"[""TrailingPossession"", ""TurnoverPossession""]",[],,,19,19,19,True,True,True,True,,,
202510070PROM,ONT_044,How many possessions starting from behind produced a made three?,COMPOSITION_2,IMPLICIT,2,2,COUNT,"[""ThreePointScoringPossession"", ""TrailingPossession""]",[],,,COUNT,"[""ThreePointScoringPossession"", ""TrailingPossession""]",[],,,12,12,12,True,True,True,True,,,
202510070PROM,ONT_045,How many possessions starting with the offense ahead resulted in points?,COMPOSITION_2,PARAPHRASE,2,2,COUNT,"[""LeadingPossession"", ""ScoringPossession""]",[],,,COUNT,"[""LeadingPossession"", ""ScoringPossession""]",[],,,41,41,41,True,True,True,True,,,
202510070PROM,ONT_046,How many possessions starting with the offense ahead produced a made three?,COMPOSITION_2,PARAPHRASE,2,2,COUNT,"[""LeadingPossession"", ""ThreePointScoringPossession""]",[],,,COUNT,"[""LeadingPossession"", ""ThreePointScoringPossession""]",[],,,7,7,7,True,True,True,True,,,
202510070PROM,ONT_047,How many tied possessions resulted in points?,COMPOSITION_2,PARAPHRASE,2,2,COUNT,"[""ScoringPossession"", ""TiedPossession""]",[],,,COUNT,"[""ScoringPossession"", ""TiedPossession""]",[],,,2,2,2,True,True,True,True,,,
202510070PROM,ONT_048,How many tied possessions contained a turnover?,COMPOSITION_2,PARAPHRASE,2,2,COUNT,"[""TiedPossession"", ""TurnoverPossession""]",[],,,COUNT,"[""TiedPossession"", ""TurnoverPossession""]",[],,,0,0,0,True,True,True,True,,,
202510070PROM,ONT_049,How many one-possession-game possessions ended in a turnover?,COMPOSITION_2,PARAPHRASE,2,2,COUNT,"[""OnePossessionGameSituation"", ""TurnoverPossession""]",[],,,COUNT,"[""OnePossessionGameSituation"", ""TurnoverPossession""]",[],,,2,2,2,True,True,True,True,,,
202510070PROM,ONT_050,How many one-possession-game possessions produced a made three?,COMPOSITION_2,PARAPHRASE,2,2,COUNT,"[""OnePossessionGameSituation"", ""ThreePointScoringPossession""]",[],,,COUNT,"[""OnePossessionGameSituation"", ""ThreePointScoringPossession""]",[],,,3,3,3,True,True,True,True,,,
202510070PROM,ONT_051,How many one-possession-game possessions included a second chance?,COMPOSITION_2,PARAPHRASE,2,2,COUNT,"[""OnePossessionGameSituation"", ""SecondChancePossession""]",[],,,COUNT,"[""OnePossessionGameSituation"", ""SecondChancePossession""]",[],,,1,1,1,True,True,True,True,,,
202510070PROM,ONT_052,How many late-game possessions began with the offense trailing?,COMPOSITION_2,PARAPHRASE,2,2,COUNT,"[""LateGameSituation"", ""TrailingPossession""]",[],,,COUNT,"[""LateGameSituation"", ""TrailingPossession""]",[],,,13,13,13,True,True,True,True,,,
202510070PROM,ONT_053,How many late-game possessions began with the offense leading?,COMPOSITION_2,PARAPHRASE,2,2,COUNT,"[""LateGameSituation"", ""LeadingPossession""]",[],,,COUNT,"[""LateGameSituation"", ""LeadingPossession""]",[],,,12,12,12,True,True,True,True,,,
202510070PROM,ONT_054,How many late-game possessions began with the score tied?,COMPOSITION_2,PARAPHRASE,2,2,COUNT,"[""LateGameSituation"", ""TiedPossession""]",[],,,COUNT,"[""LateGameSituation"", ""TiedPossession""]",[],,,0,0,0,True,True,True,True,,,
202510070PROM,ONT_055,How many close-game possessions began with the offense trailing?,COMPOSITION_2,PARAPHRASE,2,2,COUNT,"[""CloseGameSituation"", ""TrailingPossession""]",[],,,COUNT,"[""CloseGameSituation"", ""TrailingPossession""]",[],,,12,12,12,True,True,True,True,,,
202510070PROM,ONT_056,How many close-game possessions began with the offense leading?,COMPOSITION_2,PARAPHRASE,2,2,COUNT,"[""CloseGameSituation"", ""LeadingPossession""]",[],,,COUNT,"[""CloseGameSituation"", ""LeadingPossession""]",[],,,15,15,15,True,True,True,True,,,
202510070PROM,ONT_057,How often did a team score during clutch possessions?,COMPOSITION_2,AMBIGUOUS,4,2,COUNT,"[""ClutchSituation"", ""ScoringPossession""]",[],,,RATIO,"[""ClutchSituation"", ""ScoringPossession""]","[""ClutchSituation""]",,,8,8,0.6153846153846154,False,True,False,False,SEMANTIC,OPERATION_ERROR,
202510070PROM,ONT_058,How many times was the ball turned over in the clutch?,COMPOSITION_2,PARAPHRASE,2,2,COUNT,"[""ClutchSituation"", ""TurnoverPossession""]",[],,,COUNT,"[""ClutchSituation"", ""TurnoverPossession""]",[],,,1,1,1,True,True,True,True,,,
202510070PROM,ONT_059,How many possessions produced points when the offense began behind?,COMPOSITION_2,PARAPHRASE,2,2,COUNT,"[""ScoringPossession"", ""TrailingPossession""]",[],,,COUNT,"[""ScoringPossession"", ""TrailingPossession""]",[],,,38,38,38,True,True,True,True,,,
202510070PROM,ONT_060,How often did the offense give the ball away after starting the possession ahead?,COMPOSITION_2,AMBIGUOUS,4,2,COUNT,"[""LeadingPossession"", ""TurnoverPossession""]",[],,,RATIO,"[""LeadingPossession"", ""TurnoverPossession""]","[""LeadingPossession""]",,,18,18,0.21951219512195122,False,True,False,False,SEMANTIC,OPERATION_ERROR,
202510070PROM,ONT_061,How often did teams score when the margin was within one possession?,COMPOSITION_2,AMBIGUOUS,4,2,COUNT,"[""OnePossessionGameSituation"", ""ScoringPossession""]",[],,,RATIO,"[""OnePossessionGameSituation"", ""ScoringPossession""]","[""OnePossessionGameSituation""]",,,9,9,0.5625,False,True,False,False,SEMANTIC,OPERATION_ERROR,
202510070PROM,ONT_062,How many threes were made on possessions that began with neither side ahead?,COMPOSITION_2,IMPLICIT,2,2,COUNT,"[""ThreePointScoringPossession"", ""TiedPossession""]",[],,,COUNT,"[""ThreePointScoringPossession"", ""TiedPossession""]",[],,,1,1,1,True,True,True,True,,,
202510070PROM,ONT_063,How many scoring possessions happened with the game still tight?,COMPOSITION_2,IMPLICIT,2,2,COUNT,"[""CloseGameSituation"", ""ScoringPossession""]",[],,,COUNT,"[""CloseGameSituation"", ""ScoringPossession""]",[],,,17,17,17,True,True,True,True,,,
202510070PROM,ONT_064,How many giveaways happened while the game was still close?,COMPOSITION_2,IMPLICIT,2,2,COUNT,"[""CloseGameSituation"", ""TurnoverPossession""]",[],,,COUNT,"[""CloseGameSituation"", ""TurnoverPossession""]",[],,,4,4,4,True,True,True,True,,,
202510070PROM,ONT_065,How many possessions produced a three late in the game?,COMPOSITION_2,PARAPHRASE,2,2,COUNT,"[""LateGameSituation"", ""ThreePointScoringPossession""]",[],,,COUNT,"[""LateGameSituation"", ""ThreePointScoringPossession""]",[],,,3,3,3,True,True,True,True,,,
202510070PROM,ONT_066,How many second opportunities occurred late in the game?,COMPOSITION_2,IMPLICIT,2,2,COUNT,"[""LateGameSituation"", ""SecondChancePossession""]",[],,,COUNT,"[""LateGameSituation"", ""SecondChancePossession""]",[],,,3,3,3,True,True,True,True,,,
202510070PROM,ONT_067,How many late-game possessions while trailing resulted in points?,COMPOSITION_3_PLUS,PARAPHRASE,3,3,COUNT,"[""LateGameSituation"", ""ScoringPossession"", ""TrailingPossession""]",[],,,COUNT,"[""LateGameSituation"", ""ScoringPossession"", ""TrailingPossession""]",[],,,7,7,7,True,True,True,True,,,
202510070PROM,ONT_068,How many late-game possessions while leading resulted in points?,COMPOSITION_3_PLUS,PARAPHRASE,3,3,COUNT,"[""LateGameSituation"", ""LeadingPossession"", ""ScoringPossession""]",[],,,COUNT,"[""LateGameSituation"", ""LeadingPossession"", ""ScoringPossession""]",[],,,7,7,7,True,True,True,True,,,
202510070PROM,ONT_069,How many late-game possessions while trailing ended in a turnover?,COMPOSITION_3_PLUS,PARAPHRASE,3,3,COUNT,"[""LateGameSituation"", ""TrailingPossession"", ""TurnoverPossession""]",[],,,COUNT,"[""LateGameSituation"", ""TrailingPossession"", ""TurnoverPossession""]",[],,,3,3,3,True,True,True,True,,,
202510070PROM,ONT_070,How many late-game possessions while leading ended in a turnover?,COMPOSITION_3_PLUS,PARAPHRASE,3,3,COUNT,"[""LateGameSituation"", ""LeadingPossession"", ""TurnoverPossession""]",[],,,COUNT,"[""LateGameSituation"", ""LeadingPossession"", ""TurnoverPossession""]",[],,,0,0,0,True,True,True,True,,,
202510070PROM,ONT_071,How many close-game possessions while trailing resulted in points?,COMPOSITION_3_PLUS,PARAPHRASE,3,3,COUNT,"[""CloseGameSituation"", ""ScoringPossession"", ""TrailingPossession""]",[],,,COUNT,"[""CloseGameSituation"", ""ScoringPossession"", ""TrailingPossession""]",[],,,5,5,5,True,True,True,True,,,
202510070PROM,ONT_072,How many close-game possessions while leading resulted in points?,COMPOSITION_3_PLUS,PARAPHRASE,3,3,COUNT,"[""CloseGameSituation"", ""LeadingPossession"", ""ScoringPossession""]",[],,,COUNT,"[""CloseGameSituation"", ""LeadingPossession"", ""ScoringPossession""]",[],,,10,10,10,True,True,True,True,,,
202510070PROM,ONT_073,How many close-game possessions while trailing contained a turnover?,COMPOSITION_3_PLUS,PARAPHRASE,3,3,COUNT,"[""CloseGameSituation"", ""TrailingPossession"", ""TurnoverPossession""]",[],,,COUNT,"[""CloseGameSituation"", ""TrailingPossession"", ""TurnoverPossession""]",[],,,2,2,2,True,True,True,True,,,
202510070PROM,ONT_074,How many one-possession-game possessions while trailing resulted in points?,COMPOSITION_3_PLUS,PARAPHRASE,3,3,COUNT,"[""OnePossessionGameSituation"", ""ScoringPossession"", ""TrailingPossession""]",[],,,COUNT,"[""OnePossessionGameSituation"", ""ScoringPossession"", ""TrailingPossession""]",[],,,3,3,3,True,True,True,True,,,
202510070PROM,ONT_075,How many one-possession-game possessions while leading resulted in points?,COMPOSITION_3_PLUS,PARAPHRASE,3,3,COUNT,"[""LeadingPossession"", ""OnePossessionGameSituation"", ""ScoringPossession""]",[],,,COUNT,"[""LeadingPossession"", ""OnePossessionGameSituation"", ""ScoringPossession""]",[],,,4,4,4,True,True,True,True,,,
202510070PROM,ONT_076,How many one-possession-game possessions while trailing ended in a turnover?,COMPOSITION_3_PLUS,PARAPHRASE,3,3,COUNT,"[""OnePossessionGameSituation"", ""TrailingPossession"", ""TurnoverPossession""]",[],,,COUNT,"[""OnePossessionGameSituation"", ""TrailingPossession"", ""TurnoverPossession""]",[],,,1,1,1,True,True,True,True,,,
202510070PROM,ONT_077,How many clutch possessions while trailing resulted in points?,COMPOSITION_3_PLUS,PARAPHRASE,3,3,COUNT,"[""ClutchSituation"", ""ScoringPossession"", ""TrailingPossession""]",[],,,COUNT,"[""ClutchSituation"", ""ScoringPossession"", ""TrailingPossession""]",[],,,2,2,2,True,True,True,True,,,
202510070PROM,ONT_078,How many clutch possessions while leading resulted in points?,COMPOSITION_3_PLUS,PARAPHRASE,3,3,COUNT,"[""ClutchSituation"", ""LeadingPossession"", ""ScoringPossession""]",[],,,COUNT,"[""ClutchSituation"", ""LeadingPossession"", ""ScoringPossession""]",[],,,6,6,6,True,True,True,True,,,
202510070PROM,ONT_079,How many clutch possessions while trailing produced a made three?,COMPOSITION_3_PLUS,PARAPHRASE,3,3,COUNT,"[""ClutchSituation"", ""ThreePointScoringPossession"", ""TrailingPossession""]",[],,,COUNT,"[""ClutchSituation"", ""ThreePointScoringPossession"", ""TrailingPossession""]",[],,,0,0,0,True,True,True,True,,,
202510070PROM,ONT_080,How many close-game second-chance possessions resulted in points?,COMPOSITION_3_PLUS,PARAPHRASE,3,3,COUNT,"[""CloseGameSituation"", ""ScoringPossession"", ""SecondChancePossession""]",[],,,COUNT,"[""CloseGameSituation"", ""ScoringPossession"", ""SecondChancePossession""]",[],,,1,1,1,True,True,True,True,,,
202510070PROM,ONT_081,What proportion of late-game possessions resulted in points?,RATIO,PARAPHRASE,3,2,RATIO,"[""LateGameSituation"", ""ScoringPossession""]","[""LateGameSituation""]",,,RATIO,"[""LateGameSituation"", ""ScoringPossession""]","[""LateGameSituation""]",,,0.56,0.56,0.56,True,True,True,True,,,
202510070PROM,ONT_082,What proportion of close-game possessions resulted in points?,RATIO,PARAPHRASE,3,2,RATIO,"[""CloseGameSituation"", ""ScoringPossession""]","[""CloseGameSituation""]",,,RATIO,"[""CloseGameSituation"", ""ScoringPossession""]","[""CloseGameSituation""]",,,0.5666666666666667,0.5666666666666667,0.5666666666666667,True,True,True,True,,,
202510070PROM,ONT_083,What fraction of clutch possessions ended in a turnover?,RATIO,PARAPHRASE,3,2,RATIO,"[""ClutchSituation"", ""TurnoverPossession""]","[""ClutchSituation""]",,,RATIO,"[""ClutchSituation"", ""TurnoverPossession""]","[""ClutchSituation""]",,,0.07692307692307693,0.07692307692307693,0.07692307692307693,True,True,True,True,,,
202510070PROM,ONT_084,What share of clutch possessions produced a made three?,RATIO,PARAPHRASE,3,2,RATIO,"[""ClutchSituation"", ""ThreePointScoringPossession""]","[""ClutchSituation""]",,,RATIO,"[""ClutchSituation"", ""ThreePointScoringPossession""]","[""ClutchSituation""]",,,0.0,0.0,0.0,True,True,True,True,,,
202510070PROM,ONT_085,What percentage of possessions starting from behind resulted in points?,RATIO,IMPLICIT,3,2,RATIO,"[""ScoringPossession"", ""TrailingPossession""]","[""TrailingPossession""]",,,RATIO,"[""ScoringPossession"", ""TrailingPossession""]","[""TrailingPossession""]",,,0.4578313253012048,0.4578313253012048,0.4578313253012048,True,True,True,True,,,
202510070PROM,ONT_086,What proportion of possessions starting with the offense ahead resulted in points?,RATIO,PARAPHRASE,3,2,RATIO,"[""LeadingPossession"", ""ScoringPossession""]","[""LeadingPossession""]",,,RATIO,"[""LeadingPossession"", ""ScoringPossession""]","[""LeadingPossession""]",,,0.5,0.5,0.5,True,True,True,True,,,
202510070PROM,ONT_087,"Among possessions that began tied, what proportion resulted in points?",RATIO,PARAPHRASE,3,2,RATIO,"[""ScoringPossession"", ""TiedPossession""]","[""TiedPossession""]",,,RATIO,"[""ScoringPossession"", ""TiedPossession""]","[""TiedPossession""]",,,0.6666666666666666,0.6666666666666666,0.6666666666666666,True,True,True,True,,,
202510070PROM,ONT_088,"Of possessions beginning with the offense ahead, what fraction ended in a turnover?",RATIO,PARAPHRASE,3,2,RATIO,"[""LeadingPossession"", ""TurnoverPossession""]","[""LeadingPossession""]",,,RATIO,"[""LeadingPossession"", ""TurnoverPossession""]","[""LeadingPossession""]",,,0.21951219512195122,0.21951219512195122,0.21951219512195122,True,True,True,True,,,
202510070PROM,ONT_089,"Among possessions starting from behind, what share produced a made three?",RATIO,IMPLICIT,3,2,RATIO,"[""ThreePointScoringPossession"", ""TrailingPossession""]","[""TrailingPossession""]",,,RATIO,"[""ThreePointScoringPossession"", ""TrailingPossession""]","[""TrailingPossession""]",,,0.14457831325301204,0.14457831325301204,0.14457831325301204,True,True,True,True,,,
202510070PROM,ONT_090,What fraction of close-game possessions ended in a turnover?,RATIO,PARAPHRASE,3,2,RATIO,"[""CloseGameSituation"", ""TurnoverPossession""]","[""CloseGameSituation""]",,,RATIO,"[""CloseGameSituation"", ""TurnoverPossession""]","[""CloseGameSituation""]",,,0.13333333333333333,0.13333333333333333,0.13333333333333333,True,True,True,True,,,
202510070PROM,ONT_091,What share of late-game possessions produced a made three?,RATIO,PARAPHRASE,3,2,RATIO,"[""LateGameSituation"", ""ThreePointScoringPossession""]","[""LateGameSituation""]",,,RATIO,"[""LateGameSituation"", ""ThreePointScoringPossession""]","[""LateGameSituation""]",,,0.12,0.12,0.12,True,True,True,True,,,
202510070PROM,ONT_092,How often did teams score when the game was within one possession?,RATIO,AMBIGUOUS,4,2,RATIO,"[""OnePossessionGameSituation"", ""ScoringPossession""]","[""OnePossessionGameSituation""]",,,RATIO,"[""OnePossessionGameSituation"", ""ScoringPossession""]","[""OnePossessionGameSituation""]",,,0.5625,0.5625,0.5625,True,True,True,True,,,
202510070PROM,ONT_093,What proportion of one-possession-game possessions ended in a turnover?,RATIO,PARAPHRASE,3,2,RATIO,"[""OnePossessionGameSituation"", ""TurnoverPossession""]","[""OnePossessionGameSituation""]",,,RATIO,"[""OnePossessionGameSituation"", ""TurnoverPossession""]","[""OnePossessionGameSituation""]",,,0.125,0.125,0.125,True,True,True,True,,,
202510070PROM,ONT_094,"Among late-game possessions while trailing, what proportion resulted in points?",RATIO,PARAPHRASE,3,3,RATIO,"[""LateGameSituation"", ""ScoringPossession"", ""TrailingPossession""]","[""LateGameSituation"", ""TrailingPossession""]",,,RATIO,"[""LateGameSituation"", ""ScoringPossession"", ""TrailingPossession""]","[""LateGameSituation"", ""TrailingPossession""]",,,0.5384615384615384,0.5384615384615384,0.5384615384615384,True,True,True,True,,,
202510070PROM,ONT_095,"Among close-game possessions while leading, what proportion resulted in points?",RATIO,PARAPHRASE,3,3,RATIO,"[""CloseGameSituation"", ""LeadingPossession"", ""ScoringPossession""]","[""CloseGameSituation"", ""LeadingPossession""]",,,RATIO,"[""CloseGameSituation"", ""LeadingPossession"", ""ScoringPossession""]","[""CloseGameSituation"", ""LeadingPossession""]",,,0.6666666666666666,0.6666666666666666,0.6666666666666666,True,True,True,True,,,
202510070PROM,ONT_096,Who scored the most clutch points?,RANKING,PARAPHRASE,4,1,RANK,"[""ClutchSituation""]",[],PLAYER,PTS,RANK,"[""ClutchSituation""]",[],PLAYER,PTS,"[{""player"": ""1390"", ""value"": 4}]","[{""player"": ""811"", ""value"": 4}]","[{""player"": ""811"", ""value"": 4}]",True,False,False,False,ONTOLOGY,ONTOLOGY_ERROR,
202510070PROM,ONT_097,Which player scored the most during clutch situations?,RANKING,PARAPHRASE,4,1,RANK,"[""ClutchSituation""]",[],PLAYER,PTS,RANK,"[""ClutchSituation""]",[],PLAYER,PTS,"[{""player"": ""1390"", ""value"": 4}]","[{""player"": ""811"", ""value"": 4}]","[{""player"": ""811"", ""value"": 4}]",True,False,False,False,ONTOLOGY,ONTOLOGY_ERROR,
202510070PROM,ONT_098,Who was the leading scorer in the clutch?,RANKING,PARAPHRASE,4,1,RANK,"[""ClutchSituation""]",[],PLAYER,PTS,RANK,"[""ClutchSituation""]",[],PLAYER,PTS,"[{""player"": ""1390"", ""value"": 4}]","[{""player"": ""811"", ""value"": 4}]","[{""player"": ""811"", ""value"": 4}]",True,False,False,False,ONTOLOGY,ONTOLOGY_ERROR,
202510070PROM,ONT_099,Which player put up the most points in clutch possessions?,RANKING,PARAPHRASE,4,1,RANK,"[""ClutchSituation""]",[],PLAYER,PTS,RANK,"[""ClutchSituation""]",[],PLAYER,PTS,"[{""player"": ""1390"", ""value"": 4}]","[{""player"": ""811"", ""value"": 4}]","[{""player"": ""811"", ""value"": 4}]",True,False,False,False,ONTOLOGY,ONTOLOGY_ERROR,
202510070PROM,ONT_100,Who led all players in scoring when the game was in a clutch situation?,RANKING,PARAPHRASE,4,1,RANK,"[""ClutchSituation""]",[],PLAYER,PTS,RANK,"[""ClutchSituation""]",[],PLAYER,PTS,"[{""player"": ""1390"", ""value"": 4}]","[{""player"": ""811"", ""value"": 4}]","[{""player"": ""811"", ""value"": 4}]",True,False,False,False,ONTOLOGY,ONTOLOGY_ERROR,
202510070WUE,ONT_027,How many times did the game enter a clutch possession?,SINGLE_CONCEPT,PARAPHRASE,1,1,COUNT,"[""ClutchSituation""]",[],,,COUNT,"[""ClutchSituation""]",[],,,6,6,6,True,True,True,True,,,
202510070WUE,ONT_028,Count the possessions played late in the game.,SINGLE_CONCEPT,PARAPHRASE,1,1,COUNT,"[""LateGameSituation""]",[],,,COUNT,"[""LateGameSituation""]",[],,,19,19,19,True,True,True,True,,,
202510070WUE,ONT_029,How many possessions took place while the game was close?,SINGLE_CONCEPT,PARAPHRASE,1,1,COUNT,"[""CloseGameSituation""]",[],,,COUNT,"[""CloseGameSituation""]",[],,,113,113,113,True,True,True,True,,,
202510070WUE,ONT_030,On how many possessions did either team put points on the board?,SINGLE_CONCEPT,IMPLICIT,1,1,COUNT,"[""ScoringPossession""]",[],,,COUNT,"[""ScoringPossession""]",[],,,67,67,67,True,True,True,True,,,
202510070WUE,ONT_031,How many possessions featured a giveaway?,SINGLE_CONCEPT,IMPLICIT,1,1,COUNT,"[""TurnoverPossession""]",[],,,COUNT,"[""TurnoverPossession""]",[],,,20,20,20,True,True,True,True,,,
202510070WUE,ONT_032,How many possessions included an offensive rebound and another opportunity?,SINGLE_CONCEPT,PARAPHRASE,1,1,COUNT,"[""SecondChancePossession""]",[],,,COUNT,"[""SecondChancePossession""]",[],,,11,11,11,True,True,True,True,,,
202510070WUE,ONT_033,How many possessions produced a successful shot from beyond the arc?,SINGLE_CONCEPT,IMPLICIT,1,1,COUNT,"[""ThreePointScoringPossession""]",[],,,COUNT,"[""ThreePointScoringPossession""]",[],,,15,15,15,True,True,True,True,,,
202510070WUE,ONT_034,How often did the offense begin a possession ahead on the scoreboard?,SINGLE_CONCEPT,AMBIGUOUS,4,1,COUNT,"[""LeadingPossession""]",[],,,COUNT,"[""LeadingPossession""]",[],,,64,64,64,True,True,True,True,,,
202510070WUE,ONT_035,How often did the offense start a possession from behind?,SINGLE_CONCEPT,AMBIGUOUS,4,1,COUNT,"[""TrailingPossession""]",[],,,COUNT,"[""TrailingPossession""]",[],,,73,73,73,True,True,True,True,,,
202510070WUE,ONT_036,How many possessions began with neither team ahead?,SINGLE_CONCEPT,IMPLICIT,1,1,COUNT,"[""TiedPossession""]",[],,,COUNT,"[""TiedPossession""]",[],,,4,4,4,True,True,True,True,,,
202510070WUE,ONT_037,How many possessions began with the teams separated by no more than one possession?,SINGLE_CONCEPT,PARAPHRASE,1,1,COUNT,"[""OnePossessionGameSituation""]",[],,,COUNT,"[""OnePossessionGameSituation""]",[],,,75,75,75,True,True,True,True,,,
202510070WUE,ONT_038,How many late-game possessions resulted in points?,COMPOSITION_2,PARAPHRASE,2,2,COUNT,"[""LateGameSituation"", ""ScoringPossession""]",[],,,COUNT,"[""LateGameSituation"", ""ScoringPossession""]",[],,,10,10,10,True,True,True,True,,,
202510070WUE,ONT_039,How many late-game possessions contained a turnover?,COMPOSITION_2,PARAPHRASE,2,2,COUNT,"[""LateGameSituation"", ""TurnoverPossession""]",[],,,COUNT,"[""LateGameSituation"", ""TurnoverPossession""]",[],,,3,3,3,True,True,True,True,,,
202510070WUE,ONT_040,How many close-game possessions produced a made three-pointer?,COMPOSITION_2,PARAPHRASE,2,2,COUNT,"[""CloseGameSituation"", ""ThreePointScoringPossession""]",[],,,COUNT,"[""CloseGameSituation"", ""ThreePointScoringPossession""]",[],,,12,12,12,True,True,True,True,,,
202510070WUE,ONT_041,How many close-game possessions were second-chance possessions?,COMPOSITION_2,PARAPHRASE,2,2,COUNT,"[""CloseGameSituation"", ""SecondChancePossession""]",[],,,COUNT,"[""CloseGameSituation"", ""SecondChancePossession""]",[],,,10,10,10,True,True,True,True,,,
202510070WUE,ONT_042,How many clutch possessions included a second chance?,COMPOSITION_2,PARAPHRASE,2,2,COUNT,"[""ClutchSituation"", ""SecondChancePossession""]",[],,,COUNT,"[""ClutchSituation"", ""SecondChancePossession""]",[],,,1,1,1,True,True,True,True,,,
202510070WUE,ONT_043,How many possessions starting from behind ended with a turnover?,COMPOSITION_2,IMPLICIT,2,2,COUNT,"[""TrailingPossession"", ""TurnoverPossession""]",[],,,COUNT,"[""TrailingPossession"", ""TurnoverPossession""]",[],,,10,10,10,True,True,True,True,,,
202510070WUE,ONT_044,How many possessions starting from behind produced a made three?,COMPOSITION_2,IMPLICIT,2,2,COUNT,"[""ThreePointScoringPossession"", ""TrailingPossession""]",[],,,COUNT,"[""ThreePointScoringPossession"", ""TrailingPossession""]",[],,,11,11,11,True,True,True,True,,,
202510070WUE,ONT_045,How many possessions starting with the offense ahead resulted in points?,COMPOSITION_2,PARAPHRASE,2,2,COUNT,"[""LeadingPossession"", ""ScoringPossession""]",[],,,COUNT,"[""LeadingPossession"", ""ScoringPossession""]",[],,,32,32,32,True,True,True,True,,,
202510070WUE,ONT_046,How many possessions starting with the offense ahead produced a made three?,COMPOSITION_2,PARAPHRASE,2,2,COUNT,"[""LeadingPossession"", ""ThreePointScoringPossession""]",[],,,COUNT,"[""LeadingPossession"", ""ThreePointScoringPossession""]",[],,,3,3,3,True,True,True,True,,,
202510070WUE,ONT_047,How many tied possessions resulted in points?,COMPOSITION_2,PARAPHRASE,2,2,COUNT,"[""ScoringPossession"", ""TiedPossession""]",[],,,COUNT,"[""ScoringPossession"", ""TiedPossession""]",[],,,4,4,4,True,True,True,True,,,
202510070WUE,ONT_048,How many tied possessions contained a turnover?,COMPOSITION_2,PARAPHRASE,2,2,COUNT,"[""TiedPossession"", ""TurnoverPossession""]",[],,,COUNT,"[""TiedPossession"", ""TurnoverPossession""]",[],,,0,0,0,True,True,True,True,,,
202510070WUE,ONT_049,How many one-possession-game possessions ended in a turnover?,COMPOSITION_2,PARAPHRASE,2,2,COUNT,"[""OnePossessionGameSituation"", ""TurnoverPossession""]",[],,,COUNT,"[""OnePossessionGameSituation"", ""TurnoverPossession""]",[],,,12,12,12,True,True,True,True,,,
202510070WUE,ONT_050,How many one-possession-game possessions produced a made three?,COMPOSITION_2,PARAPHRASE,2,2,COUNT,"[""OnePossessionGameSituation"", ""ThreePointScoringPossession""]",[],,,COUNT,"[""OnePossessionGameSituation"", ""ThreePointScoringPossession""]",[],,,8,8,8,True,True,True,True,,,
202510070WUE,ONT_051,How many one-possession-game possessions included a second chance?,COMPOSITION_2,PARAPHRASE,2,2,COUNT,"[""OnePossessionGameSituation"", ""SecondChancePossession""]",[],,,COUNT,"[""OnePossessionGameSituation"", ""SecondChancePossession""]",[],,,9,9,9,True,True,True,True,,,
202510070WUE,ONT_052,How many late-game possessions began with the offense trailing?,COMPOSITION_2,PARAPHRASE,2,2,COUNT,"[""LateGameSituation"", ""TrailingPossession""]",[],,,COUNT,"[""LateGameSituation"", ""TrailingPossession""]",[],,,9,9,9,True,True,True,True,,,
202510070WUE,ONT_053,How many late-game possessions began with the offense leading?,COMPOSITION_2,PARAPHRASE,2,2,COUNT,"[""LateGameSituation"", ""LeadingPossession""]",[],,,COUNT,"[""LateGameSituation"", ""LeadingPossession""]",[],,,10,10,10,True,True,True,True,,,
202510070WUE,ONT_054,How many late-game possessions began with the score tied?,COMPOSITION_2,PARAPHRASE,2,2,COUNT,"[""LateGameSituation"", ""TiedPossession""]",[],,,COUNT,"[""LateGameSituation"", ""TiedPossession""]",[],,,0,0,0,True,True,True,True,,,
202510070WUE,ONT_055,How many close-game possessions began with the offense trailing?,COMPOSITION_2,PARAPHRASE,2,2,COUNT,"[""CloseGameSituation"", ""TrailingPossession""]",[],,,COUNT,"[""CloseGameSituation"", ""TrailingPossession""]",[],,,57,57,57,True,True,True,True,,,
202510070WUE,ONT_056,How many close-game possessions began with the offense leading?,COMPOSITION_2,PARAPHRASE,2,2,COUNT,"[""CloseGameSituation"", ""LeadingPossession""]",[],,,COUNT,"[""CloseGameSituation"", ""LeadingPossession""]",[],,,52,52,52,True,True,True,True,,,
202510070WUE,ONT_057,How often did a team score during clutch possessions?,COMPOSITION_2,AMBIGUOUS,4,2,COUNT,"[""ClutchSituation"", ""ScoringPossession""]",[],,,RATIO,"[""ClutchSituation"", ""ScoringPossession""]","[""ClutchSituation""]",,,2,2,0.3333333333333333,False,True,False,False,SEMANTIC,OPERATION_ERROR,
202510070WUE,ONT_058,How many times was the ball turned over in the clutch?,COMPOSITION_2,PARAPHRASE,2,2,COUNT,"[""ClutchSituation"", ""TurnoverPossession""]",[],,,COUNT,"[""ClutchSituation"", ""TurnoverPossession""]",[],,,1,1,1,True,True,True,True,,,
202510070WUE,ONT_059,How many possessions produced points when the offense began behind?,COMPOSITION_2,PARAPHRASE,2,2,COUNT,"[""ScoringPossession"", ""TrailingPossession""]",[],,,COUNT,"[""ScoringPossession"", ""TrailingPossession""]",[],,,31,31,31,True,True,True,True,,,
202510070WUE,ONT_060,How often did the offense give the ball away after starting the possession ahead?,COMPOSITION_2,AMBIGUOUS,4,2,COUNT,"[""LeadingPossession"", ""TurnoverPossession""]",[],,,RATIO,"[""LeadingPossession"", ""TurnoverPossession""]","[""LeadingPossession""]",,,10,10,0.15625,False,True,False,False,SEMANTIC,OPERATION_ERROR,
202510070WUE,ONT_061,How often did teams score when the margin was within one possession?,COMPOSITION_2,AMBIGUOUS,4,2,COUNT,"[""OnePossessionGameSituation"", ""ScoringPossession""]",[],,,RATIO,"[""OnePossessionGameSituation"", ""ScoringPossession""]","[""OnePossessionGameSituation""]",,,34,34,0.4533333333333333,False,True,False,False,SEMANTIC,OPERATION_ERROR,
202510070WUE,ONT_062,How many threes were made on possessions that began with neither side ahead?,COMPOSITION_2,IMPLICIT,2,2,COUNT,"[""ThreePointScoringPossession"", ""TiedPossession""]",[],,,COUNT,"[""ThreePointScoringPossession"", ""TiedPossession""]",[],,,1,1,1,True,True,True,True,,,
202510070WUE,ONT_063,How many scoring possessions happened with the game still tight?,COMPOSITION_2,IMPLICIT,2,2,COUNT,"[""CloseGameSituation"", ""ScoringPossession""]",[],,,COUNT,"[""CloseGameSituation"", ""ScoringPossession""]",[],,,52,52,52,True,True,True,True,,,
202510070WUE,ONT_064,How many giveaways happened while the game was still close?,COMPOSITION_2,IMPLICIT,2,2,COUNT,"[""CloseGameSituation"", ""TurnoverPossession""]",[],,,COUNT,"[""CloseGameSituation"", ""TurnoverPossession""]",[],,,16,16,16,True,True,True,True,,,
202510070WUE,ONT_065,How many possessions produced a three late in the game?,COMPOSITION_2,PARAPHRASE,2,2,COUNT,"[""LateGameSituation"", ""ThreePointScoringPossession""]",[],,,COUNT,"[""LateGameSituation"", ""ThreePointScoringPossession""]",[],,,0,0,0,True,True,True,True,,,
202510070WUE,ONT_066,How many second opportunities occurred late in the game?,COMPOSITION_2,IMPLICIT,2,2,COUNT,"[""LateGameSituation"", ""SecondChancePossession""]",[],,,COUNT,"[""LateGameSituation"", ""SecondChancePossession""]",[],,,2,2,2,True,True,True,True,,,
202510070WUE,ONT_067,How many late-game possessions while trailing resulted in points?,COMPOSITION_3_PLUS,PARAPHRASE,3,3,COUNT,"[""LateGameSituation"", ""ScoringPossession"", ""TrailingPossession""]",[],,,COUNT,"[""LateGameSituation"", ""ScoringPossession"", ""TrailingPossession""]",[],,,3,3,3,True,True,True,True,,,
202510070WUE,ONT_068,How many late-game possessions while leading resulted in points?,COMPOSITION_3_PLUS,PARAPHRASE,3,3,COUNT,"[""LateGameSituation"", ""LeadingPossession"", ""ScoringPossession""]",[],,,COUNT,"[""LateGameSituation"", ""LeadingPossession"", ""ScoringPossession""]",[],,,7,7,7,True,True,True,True,,,
202510070WUE,ONT_069,How many late-game possessions while trailing ended in a turnover?,COMPOSITION_3_PLUS,PARAPHRASE,3,3,COUNT,"[""LateGameSituation"", ""TrailingPossession"", ""TurnoverPossession""]",[],,,COUNT,"[""LateGameSituation"", ""TrailingPossession"", ""TurnoverPossession""]",[],,,1,1,1,True,True,True,True,,,
202510070WUE,ONT_070,How many late-game possessions while leading ended in a turnover?,COMPOSITION_3_PLUS,PARAPHRASE,3,3,COUNT,"[""LateGameSituation"", ""LeadingPossession"", ""TurnoverPossession""]",[],,,COUNT,"[""LateGameSituation"", ""LeadingPossession"", ""TurnoverPossession""]",[],,,2,2,2,True,True,True,True,,,
202510070WUE,ONT_071,How many close-game possessions while trailing resulted in points?,COMPOSITION_3_PLUS,PARAPHRASE,3,3,COUNT,"[""CloseGameSituation"", ""ScoringPossession"", ""TrailingPossession""]",[],,,COUNT,"[""CloseGameSituation"", ""ScoringPossession"", ""TrailingPossession""]",[],,,23,23,23,True,True,True,True,,,
202510070WUE,ONT_072,How many close-game possessions while leading resulted in points?,COMPOSITION_3_PLUS,PARAPHRASE,3,3,COUNT,"[""CloseGameSituation"", ""LeadingPossession"", ""ScoringPossession""]",[],,,COUNT,"[""CloseGameSituation"", ""LeadingPossession"", ""ScoringPossession""]",[],,,25,25,25,True,True,True,True,,,
202510070WUE,ONT_073,How many close-game possessions while trailing contained a turnover?,COMPOSITION_3_PLUS,PARAPHRASE,3,3,COUNT,"[""CloseGameSituation"", ""TrailingPossession"", ""TurnoverPossession""]",[],,,COUNT,"[""CloseGameSituation"", ""TrailingPossession"", ""TurnoverPossession""]",[],,,8,8,8,True,True,True,True,,,
202510070WUE,ONT_074,How many one-possession-game possessions while trailing resulted in points?,COMPOSITION_3_PLUS,PARAPHRASE,3,3,COUNT,"[""OnePossessionGameSituation"", ""ScoringPossession"", ""TrailingPossession""]",[],,,COUNT,"[""OnePossessionGameSituation"", ""ScoringPossession"", ""TrailingPossession""]",[],,,11,11,11,True,True,True,True,,,
202510070WUE,ONT_075,How many one-possession-game possessions while leading resulted in points?,COMPOSITION_3_PLUS,PARAPHRASE,3,3,COUNT,"[""LeadingPossession"", ""OnePossessionGameSituation"", ""ScoringPossession""]",[],,,COUNT,"[""LeadingPossession"", ""OnePossessionGameSituation"", ""ScoringPossession""]",[],,,19,19,19,True,True,True,True,,,
202510070WUE,ONT_076,How many one-possession-game possessions while trailing ended in a turnover?,COMPOSITION_3_PLUS,PARAPHRASE,3,3,COUNT,"[""OnePossessionGameSituation"", ""TrailingPossession"", ""TurnoverPossession""]",[],,,COUNT,"[""OnePossessionGameSituation"", ""TrailingPossession"", ""TurnoverPossession""]",[],,,8,8,8,True,True,True,True,,,
202510070WUE,ONT_077,How many clutch possessions while trailing resulted in points?,COMPOSITION_3_PLUS,PARAPHRASE,3,3,COUNT,"[""ClutchSituation"", ""ScoringPossession"", ""TrailingPossession""]",[],,,COUNT,"[""ClutchSituation"", ""ScoringPossession"", ""TrailingPossession""]",[],,,0,0,0,True,True,True,True,,,
202510070WUE,ONT_078,How many clutch possessions while leading resulted in points?,COMPOSITION_3_PLUS,PARAPHRASE,3,3,COUNT,"[""ClutchSituation"", ""LeadingPossession"", ""ScoringPossession""]",[],,,COUNT,"[""ClutchSituation"", ""LeadingPossession"", ""ScoringPossession""]",[],,,2,2,2,True,True,True,True,,,
202510070WUE,ONT_079,How many clutch possessions while trailing produced a made three?,COMPOSITION_3_PLUS,PARAPHRASE,3,3,COUNT,"[""ClutchSituation"", ""ThreePointScoringPossession"", ""TrailingPossession""]",[],,,COUNT,"[""ClutchSituation"", ""ThreePointScoringPossession"", ""TrailingPossession""]",[],,,0,0,0,True,True,True,True,,,
202510070WUE,ONT_080,How many close-game second-chance possessions resulted in points?,COMPOSITION_3_PLUS,PARAPHRASE,3,3,COUNT,"[""CloseGameSituation"", ""ScoringPossession"", ""SecondChancePossession""]",[],,,COUNT,"[""CloseGameSituation"", ""ScoringPossession"", ""SecondChancePossession""]",[],,,7,7,7,True,True,True,True,,,
202510070WUE,ONT_081,What proportion of late-game possessions resulted in points?,RATIO,PARAPHRASE,3,2,RATIO,"[""LateGameSituation"", ""ScoringPossession""]","[""LateGameSituation""]",,,RATIO,"[""LateGameSituation"", ""ScoringPossession""]","[""LateGameSituation""]",,,0.5263157894736842,0.5263157894736842,0.5263157894736842,True,True,True,True,,,
202510070WUE,ONT_082,What proportion of close-game possessions resulted in points?,RATIO,PARAPHRASE,3,2,RATIO,"[""CloseGameSituation"", ""ScoringPossession""]","[""CloseGameSituation""]",,,RATIO,"[""CloseGameSituation"", ""ScoringPossession""]","[""CloseGameSituation""]",,,0.46017699115044247,0.46017699115044247,0.46017699115044247,True,True,True,True,,,
202510070WUE,ONT_083,What fraction of clutch possessions ended in a turnover?,RATIO,PARAPHRASE,3,2,RATIO,"[""ClutchSituation"", ""TurnoverPossession""]","[""ClutchSituation""]",,,RATIO,"[""ClutchSituation"", ""TurnoverPossession""]","[""ClutchSituation""]",,,0.16666666666666666,0.16666666666666666,0.16666666666666666,True,True,True,True,,,
202510070WUE,ONT_084,What share of clutch possessions produced a made three?,RATIO,PARAPHRASE,3,2,RATIO,"[""ClutchSituation"", ""ThreePointScoringPossession""]","[""ClutchSituation""]",,,RATIO,"[""ClutchSituation"", ""ThreePointScoringPossession""]","[""ClutchSituation""]",,,0.0,0.0,0.0,True,True,True,True,,,
202510070WUE,ONT_085,What percentage of possessions starting from behind resulted in points?,RATIO,IMPLICIT,3,2,RATIO,"[""ScoringPossession"", ""TrailingPossession""]","[""TrailingPossession""]",,,RATIO,"[""ScoringPossession"", ""TrailingPossession""]","[""TrailingPossession""]",,,0.4246575342465753,0.4246575342465753,0.4246575342465753,True,True,True,True,,,
202510070WUE,ONT_086,What proportion of possessions starting with the offense ahead resulted in points?,RATIO,PARAPHRASE,3,2,RATIO,"[""LeadingPossession"", ""ScoringPossession""]","[""LeadingPossession""]",,,RATIO,"[""LeadingPossession"", ""ScoringPossession""]","[""LeadingPossession""]",,,0.5,0.5,0.5,True,True,True,True,,,
202510070WUE,ONT_087,"Among possessions that began tied, what proportion resulted in points?",RATIO,PARAPHRASE,3,2,RATIO,"[""ScoringPossession"", ""TiedPossession""]","[""TiedPossession""]",,,RATIO,"[""ScoringPossession"", ""TiedPossession""]","[""TiedPossession""]",,,1.0,1.0,1.0,True,True,True,True,,,
202510070WUE,ONT_088,"Of possessions beginning with the offense ahead, what fraction ended in a turnover?",RATIO,PARAPHRASE,3,2,RATIO,"[""LeadingPossession"", ""TurnoverPossession""]","[""LeadingPossession""]",,,RATIO,"[""LeadingPossession"", ""TurnoverPossession""]","[""LeadingPossession""]",,,0.15625,0.15625,0.15625,True,True,True,True,,,
202510070WUE,ONT_089,"Among possessions starting from behind, what share produced a made three?",RATIO,IMPLICIT,3,2,RATIO,"[""ThreePointScoringPossession"", ""TrailingPossession""]","[""TrailingPossession""]",,,RATIO,"[""ThreePointScoringPossession"", ""TrailingPossession""]","[""TrailingPossession""]",,,0.1506849315068493,0.1506849315068493,0.1506849315068493,True,True,True,True,,,
202510070WUE,ONT_090,What fraction of close-game possessions ended in a turnover?,RATIO,PARAPHRASE,3,2,RATIO,"[""CloseGameSituation"", ""TurnoverPossession""]","[""CloseGameSituation""]",,,RATIO,"[""CloseGameSituation"", ""TurnoverPossession""]","[""CloseGameSituation""]",,,0.1415929203539823,0.1415929203539823,0.1415929203539823,True,True,True,True,,,
202510070WUE,ONT_091,What share of late-game possessions produced a made three?,RATIO,PARAPHRASE,3,2,RATIO,"[""LateGameSituation"", ""ThreePointScoringPossession""]","[""LateGameSituation""]",,,RATIO,"[""LateGameSituation"", ""ThreePointScoringPossession""]","[""LateGameSituation""]",,,0.0,0.0,0.0,True,True,True,True,,,
202510070WUE,ONT_092,How often did teams score when the game was within one possession?,RATIO,AMBIGUOUS,4,2,RATIO,"[""OnePossessionGameSituation"", ""ScoringPossession""]","[""OnePossessionGameSituation""]",,,RATIO,"[""OnePossessionGameSituation"", ""ScoringPossession""]","[""OnePossessionGameSituation""]",,,0.4533333333333333,0.4533333333333333,0.4533333333333333,True,True,True,True,,,
202510070WUE,ONT_093,What proportion of one-possession-game possessions ended in a turnover?,RATIO,PARAPHRASE,3,2,RATIO,"[""OnePossessionGameSituation"", ""TurnoverPossession""]","[""OnePossessionGameSituation""]",,,RATIO,"[""OnePossessionGameSituation"", ""TurnoverPossession""]","[""OnePossessionGameSituation""]",,,0.16,0.16,0.16,True,True,True,True,,,
202510070WUE,ONT_094,"Among late-game possessions while trailing, what proportion resulted in points?",RATIO,PARAPHRASE,3,3,RATIO,"[""LateGameSituation"", ""ScoringPossession"", ""TrailingPossession""]","[""LateGameSituation"", ""TrailingPossession""]",,,RATIO,"[""LateGameSituation"", ""ScoringPossession"", ""TrailingPossession""]","[""LateGameSituation"", ""TrailingPossession""]",,,0.3333333333333333,0.3333333333333333,0.3333333333333333,True,True,True,True,,,
202510070WUE,ONT_095,"Among close-game possessions while leading, what proportion resulted in points?",RATIO,PARAPHRASE,3,3,RATIO,"[""CloseGameSituation"", ""LeadingPossession"", ""ScoringPossession""]","[""CloseGameSituation"", ""LeadingPossession""]",,,RATIO,"[""CloseGameSituation"", ""LeadingPossession"", ""ScoringPossession""]","[""CloseGameSituation"", ""LeadingPossession""]",,,0.4807692307692308,0.4807692307692308,0.4807692307692308,True,True,True,True,,,
202510070WUE,ONT_096,Who scored the most clutch points?,RANKING,PARAPHRASE,4,1,RANK,"[""ClutchSituation""]",[],PLAYER,PTS,RANK,"[""ClutchSituation""]",[],PLAYER,PTS,"[{""player"": ""1208"", ""value"": 2}]","[{""player"": ""1418"", ""value"": 2}]","[{""player"": ""1418"", ""value"": 2}]",True,False,False,False,ONTOLOGY,ONTOLOGY_ERROR,
202510070WUE,ONT_097,Which player scored the most during clutch situations?,RANKING,PARAPHRASE,4,1,RANK,"[""ClutchSituation""]",[],PLAYER,PTS,RANK,"[""ClutchSituation""]",[],PLAYER,PTS,"[{""player"": ""1208"", ""value"": 2}]","[{""player"": ""1418"", ""value"": 2}]","[{""player"": ""1418"", ""value"": 2}]",True,False,False,False,ONTOLOGY,ONTOLOGY_ERROR,
202510070WUE,ONT_098,Who was the leading scorer in the clutch?,RANKING,PARAPHRASE,4,1,RANK,"[""ClutchSituation""]",[],PLAYER,PTS,RANK,"[""ClutchSituation""]",[],PLAYER,PTS,"[{""player"": ""1208"", ""value"": 2}]","[{""player"": ""1418"", ""value"": 2}]","[{""player"": ""1418"", ""value"": 2}]",True,False,False,False,ONTOLOGY,ONTOLOGY_ERROR,
202510070WUE,ONT_099,Which player put up the most points in clutch possessions?,RANKING,PARAPHRASE,4,1,RANK,"[""ClutchSituation""]",[],PLAYER,PTS,RANK,"[""ClutchSituation""]",[],PLAYER,PTS,"[{""player"": ""1208"", ""value"": 2}]","[{""player"": ""1418"", ""value"": 2}]","[{""player"": ""1418"", ""value"": 2}]",True,False,False,False,ONTOLOGY,ONTOLOGY_ERROR,
202510070WUE,ONT_100,Who led all players in scoring when the game was in a clutch situation?,RANKING,PARAPHRASE,4,1,RANK,"[""ClutchSituation""]",[],PLAYER,PTS,RANK,"[""ClutchSituation""]",[],PLAYER,PTS,"[{""player"": ""1208"", ""value"": 2}]","[{""player"": ""1418"", ""value"": 2}]","[{""player"": ""1418"", ""value"": 2}]",True,False,False,False,ONTOLOGY,ONTOLOGY_ERROR,
202510070PROM,ONT_001,How many clutch possessions occurred in the game?,SINGLE_CONCEPT,DIRECT,1,1,COUNT,"[""ClutchSituation""]",[],,,COUNT,"[""ClutchSituation""]",[],,,13,13,13,True,True,True,True,,,
202510070PROM,ONT_002,How many close-game possessions occurred?,SINGLE_CONCEPT,DIRECT,1,1,COUNT,"[""CloseGameSituation""]",[],,,COUNT,"[""CloseGameSituation""]",[],,,30,30,30,True,True,True,True,,,
202510070PROM,ONT_003,How many late-game possessions occurred?,SINGLE_CONCEPT,DIRECT,1,1,COUNT,"[""LateGameSituation""]",[],,,COUNT,"[""LateGameSituation""]",[],,,25,25,25,True,True,True,True,,,
202510070PROM,ONT_004,How many scoring possessions occurred?,SINGLE_CONCEPT,DIRECT,1,1,COUNT,"[""ScoringPossession""]",[],,,COUNT,"[""ScoringPossession""]",[],,,81,81,81,True,True,True,True,,,
202510070PROM,ONT_005,How many turnover possessions occurred?,SINGLE_CONCEPT,DIRECT,1,1,COUNT,"[""TurnoverPossession""]",[],,,COUNT,"[""TurnoverPossession""]",[],,,37,37,37,True,True,True,True,,,
202510070PROM,ONT_006,How many second-chance possessions occurred?,SINGLE_CONCEPT,DIRECT,1,1,COUNT,"[""SecondChancePossession""]",[],,,COUNT,"[""SecondChancePossession""]",[],,,20,20,20,True,True,True,True,,,
202510070PROM,ONT_007,How many possessions resulted in a made three-pointer?,SINGLE_CONCEPT,DIRECT,1,1,COUNT,"[""ThreePointScoringPossession""]",[],,,COUNT,"[""ThreePointScoringPossession""]",[],,,20,20,20,True,True,True,True,,,
202510070PROM,ONT_008,How many clutch possessions resulted in points?,COMPOSITION_2,DIRECT,2,2,COUNT,"[""ClutchSituation"", ""ScoringPossession""]",[],,,COUNT,"[""ClutchSituation"", ""ScoringPossession""]",[],,,8,8,8,True,True,True,True,,,
202510070PROM,ONT_009,How many clutch possessions resulted in a made three-pointer?,COMPOSITION_2,DIRECT,2,2,COUNT,"[""ClutchSituation"", ""ThreePointScoringPossession""]",[],,,COUNT,"[""ClutchSituation"", ""ThreePointScoringPossession""]",[],,,0,0,0,True,True,True,True,,,
202510070PROM,ONT_010,How many clutch possessions contained a turnover?,COMPOSITION_2,DIRECT,2,2,COUNT,"[""ClutchSituation"", ""TurnoverPossession""]",[],,,COUNT,"[""ClutchSituation"", ""TurnoverPossession""]",[],,,1,1,1,True,True,True,True,,,
202510070PROM,ONT_011,How many close-game possessions resulted in points?,COMPOSITION_2,DIRECT,2,2,COUNT,"[""CloseGameSituation"", ""ScoringPossession""]",[],,,COUNT,"[""CloseGameSituation"", ""ScoringPossession""]",[],,,17,17,17,True,True,True,True,,,
202510070PROM,ONT_012,How many close-game possessions contained a turnover?,COMPOSITION_2,DIRECT,2,2,COUNT,"[""CloseGameSituation"", ""TurnoverPossession""]",[],,,COUNT,"[""CloseGameSituation"", ""TurnoverPossession""]",[],,,4,4,4,True,True,True,True,,,
202510070PROM,ONT_013,How many late-game possessions were second-chance possessions?,COMPOSITION_2,DIRECT,2,2,COUNT,"[""LateGameSituation"", ""SecondChancePossession""]",[],,,COUNT,"[""LateGameSituation"", ""SecondChancePossession""]",[],,,3,3,3,True,True,True,True,,,
202510070PROM,ONT_014,How many late-game possessions resulted in a made three-pointer?,COMPOSITION_2,DIRECT,2,2,COUNT,"[""LateGameSituation"", ""ThreePointScoringPossession""]",[],,,COUNT,"[""LateGameSituation"", ""ThreePointScoringPossession""]",[],,,3,3,3,True,True,True,True,,,
202510070PROM,ONT_015,What proportion of clutch possessions resulted in points?,RATIO,DIRECT,3,2,RATIO,"[""ClutchSituation"", ""ScoringPossession""]","[""ClutchSituation""]",,,RATIO,"[""ClutchSituation"", ""ScoringPossession""]","[""ClutchSituation""]",,,0.6153846153846154,0.6153846153846154,0.6153846153846154,True,True,True,True,,,
202510070PROM,ONT_016,How many possessions started with the offensive team leading?,SINGLE_CONCEPT,DIRECT,1,1,COUNT,"[""LeadingPossession""]",[],,,COUNT,"[""LeadingPossession""]",[],,,82,82,82,True,True,True,True,,,
202510070PROM,ONT_017,How many possessions started with the offensive team trailing?,SINGLE_CONCEPT,DIRECT,1,1,COUNT,"[""TrailingPossession""]",[],,,COUNT,"[""TrailingPossession""]",[],,,83,83,83,True,True,True,True,,,
202510070PROM,ONT_018,How many possessions started with the score tied?,SINGLE_CONCEPT,DIRECT,1,1,COUNT,"[""TiedPossession""]",[],,,COUNT,"[""TiedPossession""]",[],,,3,3,3,True,True,True,True,,,
202510070PROM,ONT_019,How many possessions occurred in a one-possession game situation?,SINGLE_CONCEPT,DIRECT,1,1,COUNT,"[""OnePossessionGameSituation""]",[],,,COUNT,"[""OnePossessionGameSituation""]",[],,,16,16,16,True,True,True,True,,,
202510070PROM,ONT_020,How many possessions while trailing resulted in points?,COMPOSITION_2,DIRECT,2,2,COUNT,"[""ScoringPossession"", ""TrailingPossession""]",[],,,COUNT,"[""ScoringPossession"", ""TrailingPossession""]",[],,,38,38,38,True,True,True,True,,,
202510070PROM,ONT_021,How many possessions while leading ended in a turnover?,COMPOSITION_2,DIRECT,2,2,COUNT,"[""LeadingPossession"", ""TurnoverPossession""]",[],,,COUNT,"[""LeadingPossession"", ""TurnoverPossession""]",[],,,18,18,18,True,True,True,True,,,
202510070PROM,ONT_022,How many tied possessions resulted in a made three-pointer?,COMPOSITION_2,DIRECT,2,2,COUNT,"[""ThreePointScoringPossession"", ""TiedPossession""]",[],,,COUNT,"[""ThreePointScoringPossession"", ""TiedPossession""]",[],,,1,1,1,True,True,True,True,,,
202510070PROM,ONT_023,How many one-possession-game possessions resulted in points?,COMPOSITION_2,DIRECT,2,2,COUNT,"[""OnePossessionGameSituation"", ""ScoringPossession""]",[],,,COUNT,"[""OnePossessionGameSituation"", ""ScoringPossession""]",[],,,9,9,9,True,True,True,True,,,
202510070PROM,ONT_024,What proportion of possessions while trailing resulted in points?,RATIO,DIRECT,3,2,RATIO,"[""ScoringPossession"", ""TrailingPossession""]","[""TrailingPossession""]",,,RATIO,"[""ScoringPossession"", ""TrailingPossession""]","[""TrailingPossession""]",,,0.4578313253012048,0.4578313253012048,0.4578313253012048,True,True,True,True,,,
202510070PROM,ONT_025,What proportion of one-possession-game possessions resulted in points?,RATIO,DIRECT,3,2,RATIO,"[""OnePossessionGameSituation"", ""ScoringPossession""]","[""OnePossessionGameSituation""]",,,RATIO,"[""OnePossessionGameSituation"", ""ScoringPossession""]","[""OnePossessionGameSituation""]",,,0.5625,0.5625,0.5625,True,True,True,True,,,
202510070PROM,ONT_026,Who was the most clutch player?,RANKING,DIRECT,4,1,RANK,"[""ClutchSituation""]",[],PLAYER,PTS,RANK,"[""ClutchSituation""]",[],PLAYER,PTS,"[{""player"": ""1390"", ""value"": 4}]","[{""player"": ""1390"", ""value"": 4}]","[{""player"": ""1390"", ""value"": 4}]",True,True,True,True,,,
202510070WUE,ONT_001,How many clutch possessions occurred in the game?,SINGLE_CONCEPT,DIRECT,1,1,COUNT,"[""ClutchSituation""]",[],,,COUNT,"[""ClutchSituation""]",[],,,6,6,6,True,True,True,True,,,
202510070WUE,ONT_002,How many close-game possessions occurred?,SINGLE_CONCEPT,DIRECT,1,1,COUNT,"[""CloseGameSituation""]",[],,,COUNT,"[""CloseGameSituation""]",[],,,113,113,113,True,True,True,True,,,
202510070WUE,ONT_003,How many late-game possessions occurred?,SINGLE_CONCEPT,DIRECT,1,1,COUNT,"[""LateGameSituation""]",[],,,COUNT,"[""LateGameSituation""]",[],,,19,19,19,True,True,True,True,,,
